Make,Model,Country,Year,url,imageurl,notes
Benz,Patent-Motorwagen,Germany,1885,https://en.wikipedia.org/wiki/Benz_Patent-Motorwagen,https://upload.wikimedia.org/wikipedia/commons/thumb/5/53/Benz_Patent_Motorwagen_1886_%28Replica%29.jpg/960px-Benz_Patent_Motorwagen_1886_%28Replica%29.jpg,"Considered the first practical, automobile and the first to be put into series production"
Mercedes,35 HP,Germany,1901,https://en.wikipedia.org/wiki/Mercedes_35_hp,https://upload.wikimedia.org/wikipedia/commons/thumb/2/21/Mercedes_35hp_by_Wilhelm_Maybach.jpg/960px-Mercedes_35hp_by_Wilhelm_Maybach.jpg,"Considered the first modern car, and a significant advancement over the previous generation of modified stagecoach automobiles."
Benz,Blitzen,Germany,1909,https://en.wikipedia.org/wiki/Blitzen_Benz,https://upload.wikimedia.org/wikipedia/commons/thumb/4/43/FoS20162016_0625_095939AA_%2827801477272%29.jpg/960px-FoS20162016_0625_095939AA_%2827801477272%29.jpg,"This 21.5 litre, 'bird-beaked' vehicle set a land speed record of 141 mph, said to be ""faster than any plane, train, or automobile"" at the time."
Bugatti,Type 13,Germany,1910,https://en.wikipedia.org/wiki/Bugatti_Type_13,https://upload.wikimedia.org/wikipedia/commons/8/8e/Bugatti_Typ_13_Brescia_Sport-Racing_1922.jpg,"The first true 'Bugatti', built in German Alsace before the region became part of France. The car pioneered multivalve engines and was a racing success."
Vauxhall,Prince Henry,United Kingdom,1911,https://en.wikipedia.org/wiki/Vauxhall_Prince_Henry,https://upload.wikimedia.org/wikipedia/commons/thumb/3/3d/1912_Vauxhall_Prince_Henry.jpg/960px-1912_Vauxhall_Prince_Henry.jpg,"Widely regarded as Britain’s first purpose-built sports car, designed for high-speed endurance trials."
Ford,Model T,United States,1908,https://en.wikipedia.org/wiki/Ford_Model_T,https://upload.wikimedia.org/wikipedia/commons/thumb/1/12/1925_Ford_Model_T_touring.jpg/960px-1925_Ford_Model_T_touring.jpg,"Transformed global manufacturing with the introduction of the world’s first moving assembly line for mass automotive production. Over almost 20 years, Ford produced some 15 million models."
Rolls-Royce,Silver Ghost,United Kingdom,1906,https://en.wikipedia.org/wiki/Rolls-Royce_Silver_Ghost,https://upload.wikimedia.org/wikipedia/commons/thumb/a/a2/Rolls-Royce_Silver_Ghost_at_Centenary.jpg/960px-Rolls-Royce_Silver_Ghost_at_Centenary.jpg,"Named 'The Silver Ghost' by virtue of its appearance and ""extraordinary stealthiness"", Autocar magazine called this ""The Best Car in the World"" in 1907"
Rumpler,Tropfenwagen,Germany,1921,https://en.wikipedia.org/wiki/Rumpler_Tropfenwagen,https://upload.wikimedia.org/wikipedia/commons/thumb/0/00/Rumpler_Tropfenwagen.jpg/960px-Rumpler_Tropfenwagen.jpg,"The Rumpler Tropfenwagen (""Rumpler drop car"", named after its raindrop shape) was developed to be streamlined with a very low drag coefficient."
Austin,Seven,United Kingdom,1922,https://en.wikipedia.org/wiki/Austin_7,https://upload.wikimedia.org/wikipedia/commons/thumb/7/7b/1928_Austin_7_GE_Sunshine_Saloon_1.1.jpg/960px-1928_Austin_7_GE_Sunshine_Saloon_1.1.jpg,"Britain's answer to the Ford Model T, an economic, mass-produced car, licensed and adapted across Europe, the US and Japan."
Lancia,Lambda,Italy,1922,https://en.wikipedia.org/wiki/Lancia_Lambda,https://upload.wikimedia.org/wikipedia/commons/thumb/0/08/1924_Lancia_Lambda_Serie_II_at_Greenwich_2021%2C_front_right.jpg/960px-1924_Lancia_Lambda_Serie_II_at_Greenwich_2021%2C_front_right.jpg,World’s first production car to feature a load-bearing monocoque chassis and independent front suspension.
Bugatti,Type 35,France,1924,https://en.wikipedia.org/wiki/Bugatti_Type_35,https://upload.wikimedia.org/wikipedia/commons/thumb/1/1c/Bugatti_35%2C_Bj_1924%2C_M_Nicolosi_-_1976.jpg/960px-Bugatti_35%2C_Bj_1924%2C_M_Nicolosi_-_1976.jpg,"A phenomenally successful racing car, winning over 1,000 races and pioneering the concept of a holistically conceived, race-ready car available for purchase"
Chrysler,Six (B-70),United States,1924,https://en.wikipedia.org/wiki/Chrysler_Six,https://upload.wikimedia.org/wikipedia/commons/thumb/3/3c/V_Retro_Auto%26Moto_Galicia%2C_Chrysler_B70_Six%2C_1926%2C_wood_rims.JPG/960px-V_Retro_Auto%26Moto_Galicia%2C_Chrysler_B70_Six%2C_1926%2C_wood_rims.JPG,"The first Chrysler car, technically advanced and an affordable price point."
Ford,Model A,United States,1927,https://en.wikipedia.org/wiki/Ford_Model_A_(1927%E2%80%931932),https://upload.wikimedia.org/wikipedia/commons/thumb/0/0c/1928_Model_A_Ford.jpg/960px-1928_Model_A_Ford.jpg,"Successfully replaced the Model T by introducing modern driver controls, standard safety glass, and contemporary styling."
Bentley,4½ Litre ('Blower'),United Kingdom,1927,https://en.wikipedia.org/wiki/Bentley_4%C2%BD_Litre#Blower_Bentley,https://upload.wikimedia.org/wikipedia/commons/thumb/a/a0/1929_Bentley_front_34_right.jpg/960px-1929_Bentley_front_34_right.jpg,Iconic endurance sports car that defined British racing pedigree.
Mercedes-Benz,SSK,Germany,1928,https://en.wikipedia.org/wiki/Mercedes-Benz_SSK,https://upload.wikimedia.org/wikipedia/commons/thumb/f/fa/Paris_-_Retromobile_2012_-_Mercedes-Benz_SSK_-_1928_-_017.jpg/960px-Paris_-_Retromobile_2012_-_Mercedes-Benz_SSK_-_1928_-_017.jpg,"Designed by Ferdinand Porsche, this supercharged performance car dominated hillclimbs and Grand Prix events worldwide."
Duesenberg,Model J,United States,1928,https://en.wikipedia.org/wiki/Duesenberg_Model_J,https://upload.wikimedia.org/wikipedia/commons/thumb/5/52/1934_Duesenberg_Model_J_%28Warbirds_%26_Wheels_museum%29.jpg/960px-1934_Duesenberg_Model_J_%28Warbirds_%26_Wheels_museum%29.jpg,"The pinnacle of pre-war American luxury and power, featuring a DOHC 32-valve straight-eight engine capable of 116 mph."
Cadillac,V-16 (Hartmann Cabriolet),Switzerland,1930,https://en.wikipedia.org/wiki/Cadillac_V-16#1937_Cadillac_V16_Hartmann_Cabriolet,https://upload.wikimedia.org/wikipedia/commons/thumb/e/e0/1937_Cadillac_Hartmann_Cabriolet_V-16_%289511176863%29.jpg/960px-1937_Cadillac_Hartmann_Cabriolet_V-16_%289511176863%29.jpg,"The outrageous remodelling of the already luxury Cadillac V-16, ordered by by Philippe Barraud, a wealthy playboy of the 1930s, who wanted a bespoke automobile to suit his lavish lifestyle."
Alfa Romeo,8C 2300,Italy,1931,https://en.wikipedia.org/wiki/Alfa_Romeo_8C,https://upload.wikimedia.org/wikipedia/commons/thumb/2/24/Alfa_Romeo_8C_2300_Spider_Corsa_1932_red_vr_TCE.jpg/960px-Alfa_Romeo_8C_2300_Spider_Corsa_1932_red_vr_TCE.jpg,Dominant pre-war sports racer featuring a supercharged straight-eight engine and four consecutive Le Mans victories.
Citroën,Traction Avant,France,1934,https://en.wikipedia.org/wiki/Citro%C3%ABn_Traction_Avant,https://upload.wikimedia.org/wikipedia/commons/thumb/4/4b/Tractionfr02.jpg/960px-Tractionfr02.jpg,"Translating literally to 'Front-wheel drive', the Traction Avant pioneered the mass-production front-wheel drive cars."
Chrysler,Airflow,United States,1934,https://en.wikipedia.org/wiki/Chrysler_Airflow,https://upload.wikimedia.org/wikipedia/commons/thumb/c/c5/1934_Chrysler_Airflow_sdn_-_blue_-_fvl.jpg/960px-1934_Chrysler_Airflow_sdn_-_blue_-_fvl.jpg,"One of the first cars designed with aerodynamics in mind, in order to reduce airflow "
Peugeot,402 Eclipse Décapotable ,France,1936,https://en.wikipedia.org/wiki/Peugeot_402,https://upload.wikimedia.org/wikipedia/commons/5/50/1938Peugeot402LE4Y_IMG_7281.jpg,World’s first production car equipped with an electrically powered retractable hardtop roof.
Fiat,"500 ""Topolino""",Italy,1936,https://en.wikipedia.org/wiki/Fiat_500_%22Topolino%22,https://upload.wikimedia.org/wikipedia/commons/thumb/2/2a/1936Fiat500CoupeTopolino.jpg/960px-1936Fiat500CoupeTopolino.jpg,"Topolino is Italian for 'little mouse', and this was one of the smallest cars in the world at the time of its production"
Mercedes-Benz,540K,Germany,1936,https://en.wikipedia.org/wiki/Mercedes-Benz_540K,https://upload.wikimedia.org/wikipedia/commons/thumb/4/46/Mercedes_540K_side_20020707.jpg/960px-Mercedes_540K_side_20020707.jpg,"The pinnacle of pre-war German luxury grand touring, featuring a supercharged straight-eight engine and bespoke coachwork."
Volkswagen,KdF-Wagen (Beetle),Germany,1938,https://en.wikipedia.org/wiki/Volkswagen_Kommandeurswagen,https://upload.wikimedia.org/wikipedia/commons/thumb/4/48/Volkswagen_Beetle_-KdF-Wagen-_%2742_%281%29.jpg/960px-Volkswagen_Beetle_-KdF-Wagen-_%2742_%281%29.jpg,"Commissioned by Adolf Hitler as an affordable ""people's car"", this became one of the most produced vehicles in history."
Willys,MB (Jeep),United States,1941,https://en.wikipedia.org/wiki/Willys_MB,https://upload.wikimedia.org/wikipedia/commons/thumb/5/53/Covered_Willy%27s_jeep_Wings_Over_Wine_Country_2007.JPG/960px-Covered_Willy%27s_jeep_Wings_Over_Wine_Country_2007.JPG,Standardised light four-wheel-drive military vehicle that established the blueprint for all modern off-road vehicles.
Jaguar,XK120,United Kingdom,1948,https://en.wikipedia.org/wiki/Jaguar_XK120,https://upload.wikimedia.org/wikipedia/commons/thumb/7/7b/Paris_-_RM_Sotheby%E2%80%99s_2016_-_Jaguar_XK_120_Roadster_-_1954_-_001.jpg/960px-Paris_-_RM_Sotheby%E2%80%99s_2016_-_Jaguar_XK_120_Roadster_-_1954_-_001.jpg,Introduced the legendary XK twin-cam engine and debuted as the fastest production car in the world.
Land Rover,Series I,United Kingdom,1948,https://en.wikipedia.org/wiki/Land_Rover_series,https://upload.wikimedia.org/wikipedia/commons/thumb/a/af/Land_Rover_Series_I_1948_%28HUE_166%29.jpg/960px-Land_Rover_Series_I_1948_%28HUE_166%29.jpg,"Inspired by the US Willys Jeep, thie Land Rover defined British civilian four-wheel-drive capability for decades, with Land Rover claiming in 1992 that 70% of all the vehicles they had built were still in use."
Morris,Minor,United Kingdom,1948,https://en.wikipedia.org/wiki/Morris_Minor,https://upload.wikimedia.org/wikipedia/commons/thumb/4/43/Morris_Minor_1000_in_New_Square_first_registered_February_1963_948cc_and_an_icon.jpg/960px-Morris_Minor_1000_in_New_Square_first_registered_February_1963_948cc_and_an_icon.jpg,Alec Issigonis-designed family car that democratised post-war British motoring and became the first British vehicle to exceed one million sales.
Porsche,356,Germany,1948,https://en.wikipedia.org/wiki/Porsche_356,https://upload.wikimedia.org/wikipedia/commons/thumb/0/07/2007-07-08_Porsche_356_C_%2801_kl_ret%29.jpg/960px-2007-07-08_Porsche_356_C_%2801_kl_ret%29.jpg,"The first production model to bear the Porsche name, establishing the brand's lightweight, rear-engine sports car identity."
Ford,Deluxe,United States,1948,https://en.wikipedia.org/wiki/De_Luxe_Ford#In_popular_culture,https://upload.wikimedia.org/wikipedia/commons/8/8a/Biffs_46_Ford.jpg,"An upscale alternative to the Standard Ford model. It was transformed into ""Greased Lightnin'"" in the movie Grease, given by Mr Miyagi to Daniel in the Karate Kid, and was Biff Tannen's manure-filled car in Back to the Future"
Oldsmobile,88,United States,1949,https://en.wikipedia.org/wiki/Oldsmobile_88,https://upload.wikimedia.org/wikipedia/commons/thumb/5/5a/1950_Oldsmobile_Rocket_88_DE-93-36_p6.jpg/960px-1950_Oldsmobile_Rocket_88_DE-93-36_p6.jpg,"Oldsmobile's most popular line from 1950 to 1974, pairing a lightweight body with the high-compression Rocket V8 engine, establishing the blueprint for the American muscle car."
Saab,92,Sweden,1949,https://en.wikipedia.org/wiki/Saab_92,https://upload.wikimedia.org/wikipedia/commons/2/29/SAAB_92_De_Luxe_1951.jpg,Saab's first production car. The iconic Saab green was due to Saab aquiring large quantities of a green cellulose paint that was sold off by the armed forces having proved unsuitable for camouflage. 
Lincoln,Futura,United States,1966,https://en.wikipedia.org/wiki/Lincoln_Futura#Batmobile,https://upload.wikimedia.org/wikipedia/commons/thumb/a/a7/1960s_Batmobile_%28FMC%29.jpg/960px-1960s_Batmobile_%28FMC%29.jpg,"The Lincoln Future concept car was displayed on the auto show circuit in 1955, before being customised by George Barris in 1966 for the TV show, Batman."
Aston Martin,DB5,United Kingdom,1965,https://en.wikipedia.org/wiki/Aston_Martin_DB5#James_Bond's_DB5,https://upload.wikimedia.org/wikipedia/commons/1/16/DB5-2.jpg,"First produced in 1963, the DB5 became widely known after being used by James Bond in the 1964 film Goldfinger (although author Ian Fleming had placed Bond in a DB Mark III in the novel)."
Volkswagen,Beetle,Germany,1968,https://en.wikipedia.org/wiki/Herbie,https://upload.wikimedia.org/wikipedia/commons/thumb/1/1b/Herbie_car.jpg/960px-Herbie_car.jpg,"Herbie, the Love Bug is a fictional sentient 1963 Volkswagen Beetle racing car that was featured in several Walt Disney motion pictures starting with The Love Bug in 1968"
Austin,Mini,United Kingdom,1959,https://en.wikipedia.org/wiki/Mini,https://upload.wikimedia.org/wikipedia/commons/thumb/2/2f/Morris_Mini-Minor_1959_%28621_AOK%29.jpg/960px-Morris_Mini-Minor_1959_%28621_AOK%29.jpg,"The iconic two-door, four-seat small car produced for four decades over a single generation, with over 5 million models made and countless variant and customisations. "
Austin,Mini Cooper,United Kingdom,1961,https://en.wikipedia.org/wiki/Mini#Mini_Cooper_and_Cooper_S:_1961%E2%80%931971;_1990%E2%80%932000,https://upload.wikimedia.org/wikipedia/commons/thumb/f/f6/1963_Morris_Mini-Cooper_Monte_Carlo_Heritage_Motor_Centre%2C_Gaydon.jpg/960px-1963_Morris_Mini-Cooper_Monte_Carlo_Heritage_Motor_Centre%2C_Gaydon.jpg,The original Mini Cooper S dominated the 1960s rally scene with its light weight and corner-carving ability.
Ford,Mustang GT Fastback,United States,1968,https://en.wikipedia.org/wiki/Bullitt#Vehicles,https://upload.wikimedia.org/wikipedia/commons/thumb/a/aa/Bullitt_Mustang.jpg/960px-Bullitt_Mustang.jpg,"The 1968 Ford Mustang GT Fastback is one of cinema's most famous cars. It is celebrated for starring in a nearly 10-minute, dialogue-free car chase through the streets of San Francisco as Lieutenant Frank Bullitt pursues hitmen in a Dodge Charger"
Ford,Gran Torino,United States,1976,https://en.wikipedia.org/wiki/Starsky_&_Hutch#Cars,https://upload.wikimedia.org/wikipedia/commons/thumb/0/03/1976_Ford_Gran_Torino_%28Starsky_and_Hutch%29_5.7.jpg/960px-1976_Ford_Gran_Torino_%28Starsky_and_Hutch%29_5.7.jpg,"Defined 1970s television cop culture with its distinctive ""striped tomato"" paint scheme in Starsky & Hutch."
Lotus,Esprit S1,United Kingdom,1977,https://en.wikipedia.org/wiki/Lotus_Esprit#Notable_appearances_in_film,https://upload.wikimedia.org/wikipedia/commons/thumb/2/24/Lotus_Esprit_%28The_Spy_Who_Loved_Me%29_left-front_National_Motor_Museum%2C_Beaulieu.jpg/960px-Lotus_Esprit_%28The_Spy_Who_Loved_Me%29_left-front_National_Motor_Museum%2C_Beaulieu.jpg,"Known as the 'Wet Nellie' and famous for its transformation into a fully functional submarine in the 1977James Bond film, The Spy Who Loved Me."
Pontiac,Firebird Trans Am,United States,1977,https://en.wikipedia.org/wiki/Pontiac_Firebird,https://upload.wikimedia.org/wikipedia/commons/b/b6/1978_Trans-Am_bandit.jpg,"The iconic car in which Bo ""Bandit"" Darville gives Sheriff Buford T. Justice the runaround in the 1977 film, Smokey and the Bandit (1977)"
Pontiac,Firebird Trans Am 'KITT',United States,1982,https://en.wikipedia.org/wiki/KITT,https://upload.wikimedia.org/wikipedia/commons/thumb/0/07/A_black_Pontiac_Firebird_Trans_Am_built_to_mimic_KITT_from_the_TV_series_Knight_Rider.jpg/960px-A_black_Pontiac_Firebird_Trans_Am_built_to_mimic_KITT_from_the_TV_series_Knight_Rider.jpg,"The iconic KITT - an artificially intelligent electronic computer module in the body of a highly advanced robotic automobile, that appeared in the TV series Knight Rider."
Cadillac,Miller-Meteor,United States,1984,https://en.wikipedia.org/wiki/Ectomobile,https://upload.wikimedia.org/wikipedia/commons/thumb/2/2f/Ghostbusters_ECTO-1_-_Flickr_-_relux..jpg/960px-Ghostbusters_ECTO-1_-_Flickr_-_relux..jpg,"Converted end-loading ambulance/hearse modified into the gadget-laden, siren-wailing 'Ectomobile' for the 1984 film, Ghostbusters."
DeLorean,DMC-12,United Kingdom; United States,1985,https://en.wikipedia.org/wiki/DeLorean_time_machine,https://upload.wikimedia.org/wikipedia/commons/thumb/1/12/BTTF_Back_View.jpg/960px-BTTF_Back_View.jpg,"Elevated an obscure, commercially failed sports car into an enduring global pop-culture legend via Back to the Future."
Ferrari,250 GT California Spyder,Italy,1961,https://en.wikipedia.org/wiki/Ferrari_250_GT_California_Spyder,https://upload.wikimedia.org/wikipedia/commons/thumb/7/75/BAIN_ferrari_03bf.jpg/960px-BAIN_ferrari_03bf.jpg,Immortalised as the ultimate symbol of automotive desire and teenage rebellion in Ferris Bueller’s Day Off.
GMC Chevrolet,Vandura,United States,1983,https://en.wikipedia.org/wiki/Chevrolet_van,https://upload.wikimedia.org/wikipedia/commons/thumb/c/cb/1983_GMC_G-Series_panel_van_-_A_Team_%2812403754775%29.jpg/960px-1983_GMC_G-Series_panel_van_-_A_Team_%2812403754775%29.jpg,"The iconic 'A-Team' van, driven by B. A. Baracus"
Reliant,Regal Supervan,United Kingdom,1969,https://en.wikipedia.org/wiki/Reliant_Regal,https://upload.wikimedia.org/wikipedia/commons/thumb/1/1f/Reliant_Regal_as_used_in_OFAH_%28cropped%29.jpg/960px-Reliant_Regal_as_used_in_OFAH_%28cropped%29.jpg,"Del Boy's beaten up three-wheel van in the British sitcom, Only Fools and Horses"
Dodge,Charger,United States,1969,https://en.wikipedia.org/wiki/General_Lee_(car),https://upload.wikimedia.org/wikipedia/commons/1/19/General_Lee.JPG,"The iconic orange 1969 Dodge Charger driven in the television series The Dukes of Hazzard. It is known for its signature horn, long jumps, and for having its doors welded shut, requiring the Dukes to climb in and out through the windows."
Dodge,Monaco,United States,1974,https://en.wikipedia.org/wiki/Bluesmobile,https://upload.wikimedia.org/wikipedia/commons/7/73/Bluesmobile_at_House_of_Blues_Dallas_-_3-4_view.jpg,"The iconinc Blues Brothers' Bluesmobile; a decommissioned Mount Prospect police car, purchased by Elwood Blues at an auction after he had traded a previous car for a microphone. "
Ferrari,308 GTS Quattrovalvole,Italy,1979,https://en.wikipedia.org/wiki/Ferrari_308_GTB/GTS#In_popular_culture,https://upload.wikimedia.org/wikipedia/commons/thumb/6/69/LBCC_2013_-_Magnum_P.I._Ferrari_308_GTSI_%2811028091104%29.jpg/960px-LBCC_2013_-_Magnum_P.I._Ferrari_308_GTSI_%2811028091104%29.jpg,"The 308 was made famous by the television series Magnum, P.I. in which the series' lead, Thomas Magnum drove the car around Oahu while on his investigations, from 1980 to 1988"
Ferrari,"Testarossa
",Italy,1986,https://en.wikipedia.org/wiki/Cars_in_Miami_Vice,https://upload.wikimedia.org/wikipedia/commons/thumb/3/34/Ferrari_Testarossa_Miami_Vice_%2815443066319%29.jpg/960px-Ferrari_Testarossa_Miami_Vice_%2815443066319%29.jpg,"The iconic white Ferrari driven by James ""Sonny"" Crockett and Ricardo ""Rico"" Tubbs, two Metro-Dade Police Department detectives working undercover in Miami, Florida."
AMC,Pacer,United States,1976,https://en.wikipedia.org/wiki/AMC_Pacer#In_popular_culture,https://upload.wikimedia.org/wikipedia/commons/thumb/0/0a/Rusty-s_TV_and_Movie_Car_Museum_Jackson_TN_021.jpg/960px-Rusty-s_TV_and_Movie_Car_Museum_Jackson_TN_021.jpg,"The 1976 'Mirthmobile' driven by Wayne Campbell and Garth Algar in the 1990s films Wayne's World I and II. The car featured prominently in the films, most notably during the headbanging sing-along to Queen's 'Bohemian Rhapsody'."
Lamborghini,Countach LP400S,Italy,1979,https://en.wikipedia.org/wiki/Lamborghini_Countach#North_America,https://upload.wikimedia.org/wikipedia/commons/thumb/5/54/Lamborghini_Countach_1979_LP400S_Cannonball_Run_LSideFront_CECF_9April2011_%2814414239080%29_%283%29.jpg/960px-Lamborghini_Countach_1979_LP400S_Cannonball_Run_LSideFront_CECF_9April2011_%2814414239080%29_%283%29.jpg,"The iconic black Lamborghini driven by racer J.J. McClure and his buddy, Victor Prinzim (aka 'Captain Chaos') in the 1981 film, The Cannonball Run"
Ford,Falcon XB,Australia,1974,https://en.wikipedia.org/wiki/Mad_Max_(film)#Vehicles,https://upload.wikimedia.org/wikipedia/commons/5/5b/Ford_XB_Falcon_Coupe_Mad_Max_interceptor_replica_crop.jpg,"The iconic muscle car used by 'Mad' Max Rockatansky to exact his revenge on an outlaw motorcycle gang who killed his wife and son in the 1979 film, Mad Max"
AC,Ace,United Kingdom,1953,https://en.wikipedia.org/wiki/AC_Ace,https://upload.wikimedia.org/wikipedia/commons/thumb/3/31/1955_AC_Ace.jpg/960px-1955_AC_Ace.jpg,"Lightweight John Tojeiro-designed sports car featuring all-independent suspension, forming the engineering base for the Cobra."
AC (Shelby),Cobra,United Kingdom; United States,1962,https://en.wikipedia.org/wiki/AC_Cobra,https://upload.wikimedia.org/wikipedia/commons/thumb/3/3c/AC_Shelby_Cobra_427_Oldtimertreffen_Ebern_2019_6200154.jpg/960px-AC_Shelby_Cobra_427_Oldtimertreffen_Ebern_2019_6200154.jpg,"Iconic hybrid created by mating a small-block Ford V8 to the lightweight Ace chassis, dominating 1960s sports car racing."
AC,428 (Frua),United Kingdom,1965,https://en.wikipedia.org/wiki/AC_428,https://upload.wikimedia.org/wikipedia/commons/thumb/f/f6/AC428CPEFRTRIGHT.jpg/960px-AC428CPEFRTRIGHT.jpg,Combined elegant Pietro Frua Italian coachwork with a 7.0-litre Ford V8 built upon an extended Cobra Mk III chassis.
Alfa Romeo,24 HP,Italy,1910,https://en.wikipedia.org/wiki/ALFA_24_HP,https://upload.wikimedia.org/wikipedia/commons/thumb/9/92/ALFA-24-HP.jpg/960px-ALFA-24-HP.jpg,"The first vehicle produced by A.L.F.A., featuring advanced multi-valve head engineering and immediate racing success."
Alfa Romeo,6C 1750,Italy,1929,https://en.wikipedia.org/wiki/Alfa_Romeo_6C,https://upload.wikimedia.org/wikipedia/commons/thumb/7/71/1931_Alfa_Romeo_6C_1750_Super_Gran_Sport_Testa_Fissa_p1.JPG/960px-1931_Alfa_Romeo_6C_1750_Super_Gran_Sport_Testa_Fissa_p1.JPG,"Vittorio Jano-designed sports racer that dominated pre-war sports car racing, including multiple Mille Miglia victories."
Alfa Romeo,8C 2900B,Italy,1937,https://en.wikipedia.org/wiki/Alfa_Romeo_8C,https://upload.wikimedia.org/wikipedia/commons/thumb/9/9c/Alfa_romeo_8C.jpg/960px-Alfa_romeo_8C.jpg,"Pinnacle of pre-war grand touring engineering, combining a twin-supercharged straight-eight engine with advanced independent suspension."
Alfa Romeo,"158/159 ""Alfetta""",Italy,1938,https://en.wikipedia.org/wiki/Alfa_Romeo_158/159_Alfetta,https://upload.wikimedia.org/wikipedia/commons/thumb/1/1c/Alfa-Romeo-159-%281951%29.jpg/960px-Alfa-Romeo-159-%281951%29.jpg,Dominant Grand Prix car that secured victory in the inaugural Formula 1 World Championship race and back-to-back world titles.
Alfa Romeo,1900,Italy,1950,https://en.wikipedia.org/wiki/Alfa_Romeo_1900,https://upload.wikimedia.org/wikipedia/commons/thumb/6/66/Alfa_Romeo_museum_-_Alfa_Romeo_1900.jpg/960px-Alfa_Romeo_museum_-_Alfa_Romeo_1900.jpg,"Alfa Romeo’s first left-hand-drive car and first unitary chassis, marking the company's transition to mass assembly line manufacturing."
Alfa Romeo,Giulietta,Italy,1954,https://en.wikipedia.org/wiki/Alfa_Romeo_Giulietta_(2010),https://upload.wikimedia.org/wikipedia/commons/thumb/b/ba/2013_Alfa_Romeo_Giulietta_%28940_MY13%29_Distinctive_hatchback_%282015-07-09%29.jpg/960px-2013_Alfa_Romeo_Giulietta_%28940_MY13%29_Distinctive_hatchback_%282015-07-09%29.jpg,Lightweight compact sports car family that democratised race-derived twin-cam engine performance for mass motoring.
Alfa Romeo,Giulia Sprint GTA,Italy,1965,https://en.wikipedia.org/wiki/Alfa_Romeo_GTA,https://upload.wikimedia.org/wikipedia/commons/thumb/0/09/Arese_Museo_Storico_Alfa_Romeo_1965_Giulia_Sprint_GTA_1.jpg/960px-Arese_Museo_Storico_Alfa_Romeo_1965_Giulia_Sprint_GTA_1.jpg,"Lightweight, aluminium-panelled homologation special that achieved dominant success in touring car racing worldwide."
Alfa Romeo,Spider,Italy,1966,https://en.wikipedia.org/wiki/Alfa_Romeo_Spider,https://upload.wikimedia.org/wikipedia/commons/thumb/c/c8/Alfa_Romeo_%283568179480%29.jpg/960px-Alfa_Romeo_%283568179480%29.jpg,Iconic Pininfarina-designed roadster that remained in production across four distinct generations over nearly three decades.
Alfa Romeo,33 Stradale,Italy,1967,https://en.wikipedia.org/wiki/Alfa_Romeo_33_Stradale,https://upload.wikimedia.org/wikipedia/commons/thumb/e/ed/1968_Alfa_Romeo_33_Stradale%2C_front_right_%28Miller%29.jpg/960px-1968_Alfa_Romeo_33_Stradale%2C_front_right_%28Miller%29.jpg,Ultra-exclusive road-going derivative of the Tipo 33 racer featuring butterfly doors and an ultra-high-revving mid-mounted V8.
Alfa Romeo,Alfasud,Italy,1972,https://en.wikipedia.org/wiki/Alfa_Romeo_Alfasud,https://upload.wikimedia.org/wikipedia/commons/3/36/Alfasud_orange.jpg,Groundbreaking front-wheel-drive compact hatchback praised for its boxer engine layout and exceptional dynamic handling.
Alfa Romeo,"SZ ""Il Mostro""",Italy,1989,https://en.wikipedia.org/wiki/Alfa_Romeo_SZ,https://upload.wikimedia.org/wikipedia/commons/thumb/c/cd/1991_Alfa_Romeo_SZ_1.jpg/960px-1991_Alfa_Romeo_SZ_1.jpg,Avant-garde Zagato-styled sports coupe engineered with race-derived suspension capable of extreme cornering forces.
Alfa Romeo,156,Italy,1997,https://en.wikipedia.org/wiki/Alfa_Romeo_156,https://upload.wikimedia.org/wikipedia/commons/thumb/a/a7/Alfa_156_berlina_932.jpg/960px-Alfa_156_berlina_932.jpg,European Car of the Year winner that revitalised the brand and introduced common-rail direct-injection diesel engines to production cars.
Alpine,A110,France,1961,https://en.wikipedia.org/wiki/Alpine_A110,https://upload.wikimedia.org/wikipedia/commons/thumb/9/99/Renault_Alpine_A_110_%28Sp%29.JPG/960px-Renault_Alpine_A_110_%28Sp%29.JPG,"The definitive Alpine model, spanning two distinct eras: the legendary 1960s/70s rally champion and the highly acclaimed modern mid-engined sports car revived in 2017"
Alpine,GTA / A610,France,1984,https://en.wikipedia.org/wiki/Renault_Alpine_GTA/A610,https://upload.wikimedia.org/wikipedia/commons/thumb/c/c7/Renault_Alpine_V6_GT_Gen3_D500_1984-1991_frontright_2011-04-10_A.jpg/960px-Renault_Alpine_V6_GT_Gen3_D500_1984-1991_frontright_2011-04-10_A.jpg,"The Renault Alpine GTA (Gran Tourisme Alpine) is a lightweight, rear-engined sports coupé, designed as a sleek, aerodynamic alternative to contemporary sports cars like the Porsche 944 and Porsche 911"
Audi,Quattro S1,Germany,1985,https://en.wikipedia.org/wiki/Audi_Quattro#Sport_Quattro_S1_E2,https://upload.wikimedia.org/wikipedia/commons/thumb/2/2d/1985_Audi_Sport_Quattro_S1_E2_HCC23.jpg/960px-1985_Audi_Sport_Quattro_S1_E2_HCC23.jpg,The legendary Audi Quattro introduced four-wheel drive and revolutionized rallying forever.
Citroën,Xsara WRC / C4 WRC,France,2001,https://en.wikipedia.org/wiki/Citro%C3%ABn_C4_WRC,https://upload.wikimedia.org/wikipedia/commons/thumb/d/d2/S%C3%A9bastien_Loeb_-_2008_Rally_Catalunya.jpg/960px-S%C3%A9bastien_Loeb_-_2008_Rally_Catalunya.jpg,"Key machinery behind Citroën's era of total WRC dominance, securing the first seven of Sébastien Loeb's driver titles."
Fiat,131 Abarth,Italy,1980,https://en.wikipedia.org/wiki/Fiat_131#Fiat_131_Abarth_Rally,https://upload.wikimedia.org/wikipedia/commons/thumb/0/0b/Walter_R%C3%B6hrls_Fiat_131_Abarth_%28Sponsor_Alitalia%29_aus_1978-1979.jpg/960px-Walter_R%C3%B6hrls_Fiat_131_Abarth_%28Sponsor_Alitalia%29_aus_1978-1979.jpg,Three-time WRC Manufacturers' Champion that proved a family saloon could be turned into a rally giant-killer.
Ford,Escort RS1600,United Kingdom,1975,https://en.wikipedia.org/wiki/Ford_Escort_(Europe),https://upload.wikimedia.org/wikipedia/commons/thumb/9/93/Ford_Escort_RS1600_-_Race_Retro_2008_03.jpg/960px-Ford_Escort_RS1600_-_Race_Retro_2008_03.jpg,One of the most successful rally cars of all time. The Ford works team was practically unbeatable in the late 1960s and early 1970s.
Ford,RS200,United Kingdom,1984,https://en.wikipedia.org/wiki/Ford_RS200,https://upload.wikimedia.org/wikipedia/commons/thumb/4/40/White_Ford_RS200.jpg/960px-White_Ford_RS200.jpg,"The road-legal RS200 was the basis for Ford's Group B rally car and was designed to comply with FIA homologation regulations, which required 200 cars to be completed"
Lancia,Stratos HF,Italy,1973,https://en.wikipedia.org/wiki/Lancia_Stratos,https://upload.wikimedia.org/wikipedia/commons/thumb/c/cc/Lancia_Stratos_HF_02.jpg/960px-Lancia_Stratos_HF_02.jpg,"The world's first purpose-built rally supercar, winning three consecutive WRC manufacturers' titles in 1974, 1975 and 1976 in the hands of Sandro Munari and Björn Waldegård"
Lancia,Delta HF Integrale,Italy,1987,https://en.wikipedia.org/wiki/Lancia_Delta#Delta_HF_integrale_16v,https://upload.wikimedia.org/wikipedia/commons/thumb/a/ae/Lancia_Delta_Integrale_HF_16V_Rally_Moritz_Costa_Brava_2018.jpg/960px-Lancia_Delta_Integrale_HF_16V_Rally_Moritz_Costa_Brava_2018.jpg,Group A icon that achieved an unprecedented six consecutive WRC Manufacturers' Championships.
Lancia,Delta S4,Italy,1985,https://en.wikipedia.org/wiki/Lancia_Delta_S4,https://upload.wikimedia.org/wikipedia/commons/thumb/6/6d/R%C3%A9tromobile_2017_-_Lancia_Delta_S4_-_circa_1986_-_001.jpg/960px-R%C3%A9tromobile_2017_-_Lancia_Delta_S4_-_circa_1986_-_001.jpg,Pioneered twincharging by integrating both a supercharger and a turbocharger to deliver instantaneous power.
Porsche,911 SC RS,Germany,1982,https://en.wikipedia.org/wiki/Porsche_911_(classic),https://upload.wikimedia.org/wikipedia/commons/thumb/7/75/Porsche_911_SC_RS_001.jpg/960px-Porsche_911_SC_RS_001.jpg,"The Porsche 911 SC RS is one of the most extreme factory rally cars ever built by Porsche. Developed for the FIA's fierce Group B category, the SC RS was an ultra-lightweight, rear-wheel-drive weapon, that dominate tarmac rallies, unlike the complex, all-wheel-drive monsters from rival manufacturers."
Porsche,959,Germany,1985,https://en.wikipedia.org/wiki/Porsche_959,https://upload.wikimedia.org/wikipedia/commons/thumb/e/e6/Porsche_959_Rothmans_IMG_0677.jpg/960px-Porsche_959_Rothmans_IMG_0677.jpg,"One of the most famous endurance rally cars ever constructed. Delays getting the car ready for Group B racing meant Porsche pivoted to the grueling sands of Africa, dominating the 1986 Paris-Dakar Rally with a legendary 1-2 finish"
Peugeot,205 Turbo 16,France,1984,https://en.wikipedia.org/wiki/Peugeot_205#205_Turbo_16_(T16),https://upload.wikimedia.org/wikipedia/commons/thumb/c/cc/R%C3%A9tromobile_2017_-_Peugeot_205_T16_EVO2_-_1986_-_001.jpg/960px-R%C3%A9tromobile_2017_-_Peugeot_205_T16_EVO2_-_1986_-_001.jpg,"The Peugeot Talbot Sport 205 T16 was the most successful car to compete in the last two years of the World Rally Championship's Group B era, winning the 1985 and 1986 Constructors' and Drivers' titles with Timo Salonen and Juha Kankkunen respectively."
MG,Metro 6R4,United Kingdom,1985,https://en.wikipedia.org/wiki/Austin_Metro#MG_Metro_6R4_rally_car,https://upload.wikimedia.org/wikipedia/commons/thumb/6/6b/Metro6r4.jpg/960px-Metro6r4.jpg,"Eschewed turbocharging in favour of a bespoke, naturally aspirated 3.0-litre V6 engine mated to four-wheel drive."
Mitsubishi,Lancer Evolution,Japan,1996,https://en.wikipedia.org/wiki/Mitsubishi_Lancer_Evolution,https://upload.wikimedia.org/wikipedia/commons/thumb/9/99/1996_Mitsubishi_Lancer_Evolution_III.jpg/960px-1996_Mitsubishi_Lancer_Evolution_III.jpg,Highly developed Group A special that carried Tommi Mäkinen to four consecutive Drivers' Championships from 1996 to 1999.
Opel,Manta 400,Germany,1983,https://en.wikipedia.org/wiki/Opel_Manta#Rally_and_special_versions,https://upload.wikimedia.org/wikipedia/commons/thumb/7/79/R%C3%A9tromobile_2017_-_Opel_Manta_400_-_1983_-_002.jpg/960px-R%C3%A9tromobile_2017_-_Opel_Manta_400_-_1983_-_002.jpg,"Developed in collaboration with performance specialists Cosworth and Irmscher, it was the last highly competitive rear-wheel-drive car built for Group B before turbocharged, all-wheel-drive giants completely took over the World Rally Championship"
Renault,5 Maxi Turbo,France,1985,https://en.wikipedia.org/wiki/Renault_5_Turbo#Motorsport,https://upload.wikimedia.org/wikipedia/commons/thumb/3/30/R%C3%A9tromobile_2017_-_Renault_Maxi_5_Turbo_-_circa_1985_-_001.jpg/960px-R%C3%A9tromobile_2017_-_Renault_Maxi_5_Turbo_-_circa_1985_-_001.jpg,"The ultimate tarmac-focused iteration of the mid-engined 5 Turbo, extracting massive power from a 1.5-litre engine."
Subaru,Impreza 555 / WRC,Japan,1993,https://en.wikipedia.org/wiki/Subaru_Impreza_WRC,https://upload.wikimedia.org/wikipedia/commons/thumb/b/bd/2000_Subaru_Impreza_WRC_-_Flickr_-_exfordy.jpg/960px-2000_Subaru_Impreza_WRC_-_Flickr_-_exfordy.jpg,Iconic all-wheel-drive performer that defined 1990s WRC culture and propelled Colin McRae to his 1995 world title.
Toyota,Celica GT-Four (ST185),Japan,1992,https://en.wikipedia.org/wiki/Toyota_Celica#Rallying,https://upload.wikimedia.org/wikipedia/commons/thumb/7/72/Toyota_Celica_rally.jpg/960px-Toyota_Celica_rally.jpg,"The iconic Toyota rally car of the mid-1990s, most famously associated with WRC champion, Carlos Sainz "
Volkswagen,Polo R WRC,Germany,2013,https://en.wikipedia.org/wiki/Volkswagen_Polo_R_WRC,https://upload.wikimedia.org/wikipedia/commons/thumb/5/5d/Sebastien_Ogier_Baiao_Rally_de_portugal_2016.jpg/960px-Sebastien_Ogier_Baiao_Rally_de_portugal_2016.jpg,Defined the 1.6-litre turbo era by winning four consecutive driver and manufacturer championship doubles.
Alfa Romeo,"158/159 ""Alfetta""",Italy,1950,https://en.wikipedia.org/wiki/Alfa_Romeo_158/159_Alfetta,https://upload.wikimedia.org/wikipedia/commons/thumb/1/1c/Alfa-Romeo-159-%281951%29.jpg/960px-Alfa-Romeo-159-%281951%29.jpg,"The car that launched Juan Manuel Fangio onto the Formula 1 stage, winning his very first World Championship in 1951 driving the evolution 159 variant."
Maserati,250F,Italy,1954,https://en.wikipedia.org/wiki/Maserati_250F,https://upload.wikimedia.org/wikipedia/commons/0/0c/Maserati_250_F%2C_Bj._1957_%281977-08-14%29_S%C3%BCdkehre.jpg,"Widely considered the most beautiful and perfectly balanced Grand Prix car ever made, the 250F is forever tied to the 1957 German Grand Prix at the Nürburgring, in which Juan Manuel Fangio recovered from a botched pit-stop by breaking the track lap record ten times in a row, winning the race on the final lap and securing the F1 title."
Mercedes-Benz,W196,Germany,1954,https://en.wikipedia.org/wiki/Mercedes-Benz_W196,https://upload.wikimedia.org/wikipedia/commons/thumb/3/3e/KlingK-MB-W196-1976.jpg/960px-KlingK-MB-W196-1976.jpg,"Built and  tailored specifically for Juan Manual Fangio, he used it to dominate and capture back-to-back F1 World Championships in 1954 and 1955"
Lotus,25,United Kingdom,1962,https://en.wikipedia.org/wiki/Lotus_25,https://upload.wikimedia.org/wikipedia/commons/thumb/a/aa/1964_Lotus-Climax_25.jpg/960px-1964_Lotus-Climax_25.jpg,"Lotus revolutionised F1 by making lighter, tighter, sleeker cars. Jim Clark weaponised the Lotus 25, taking 14 Grand Prix victories and capturing the 1963 F1 World Championship in dominant fashion"
Lotus,49,United Kingdom,1967,https://en.wikipedia.org/wiki/Lotus_49,https://upload.wikimedia.org/wikipedia/commons/thumb/e/e2/HillGraham19690801Lotus-Nordkehre.jpg/960px-HillGraham19690801Lotus-Nordkehre.jpg,"The Lotus 49 pioneered two massive structural design milestones: the fully integrated stressed-member engine and the dawn of aerodynamic wings. It won on its debut in 1967 with Jim Clark, carried Graham Hill to the 1968 title, and secured Lotus the 1968 and 1970 Constructors' Championships"
Lotus,72,United Kingdom,1970,https://en.wikipedia.org/wiki/Lotus_72,https://upload.wikimedia.org/wikipedia/commons/thumb/7/75/1971_Emerson_Fittipaldi%2C_Lotus_72_%28kl%29.JPG/960px-1971_Emerson_Fittipaldi%2C_Lotus_72_%28kl%29.JPG,"The Lotus 72 looked like a spaceship compared to anything else on the grid, establishing the visual silhouette that modern Formula 1 cars still use today."
Lotus,79,United Kingdom,1978,https://en.wikipedia.org/wiki/Lotus_79,https://upload.wikimedia.org/wikipedia/commons/thumb/b/b2/Lotus_79_2009_Lime_Rock.jpg/960px-Lotus_79_2009_Lime_Rock.jpg,"The iconic black and gold livery on the Lotus 79, a car which introduced 'Ground Effect' aerodynamics that created a vacuum literally sucking the car onto the track. The Lotus 79 was so vastly superior to the rest of the field in 1978 that Mario Andretti easily cruised to the World Championship, securing Lotus its final Constructors' title."
McLaren,MP4/4,United Kingdom,1988,https://en.wikipedia.org/wiki/McLaren_MP4/4,https://upload.wikimedia.org/wikipedia/commons/thumb/c/c5/McLaren_MP4-4_front-right_Honda_Collection_Hall.jpg/960px-McLaren_MP4-4_front-right_Honda_Collection_Hall.jpg,One of the most successful and dominant Formula One car designs of all time. The MP4/4 gave Ayrton Senna his first F1 World Championship in 1988 and laid the foundation for a fierce competition between Senna and teammate Alain Prost over the following years. 
Williams,FW14B,United Kingdom,1992,https://en.wikipedia.org/wiki/Williams_FW14#Williams_FW14B,https://upload.wikimedia.org/wikipedia/commons/thumb/3/33/Williams_FW14B.jpg/960px-Williams_FW14B.jpg,"The Williams FW14B is arguably the most technologically advanced Formula 1 car ever built relative to its competition, dominating the 1992 season, and giving Nigel Mansell his only F1 World Championship in 1992"
Ferrari,F2004,Italy,2004,https://en.wikipedia.org/wiki/Ferrari_F2004,https://upload.wikimedia.org/wikipedia/commons/thumb/d/d3/Michael_Schumacher_Ferrari_2004.jpg/960px-Michael_Schumacher_Ferrari_2004.jpg,"The F2004 is widely recognized as Michael Schumacher's best and most dominant Formula 1 car, representing the peak of the Schumacher, Ross Brawn, and Jean Todt ""Dream Team"" era. During the 2004 season, it proved to be practically untouchable, securing Schumacher his seventh and final World Championship"
Mercedes-AMG,F1 W11,United Kingdom,2020,https://en.wikipedia.org/wiki/Mercedes-AMG_F1_W11_EQ_Performance,https://upload.wikimedia.org/wikipedia/commons/thumb/3/31/Lewis_Hamilton_2020_Tuscan_Grand_Prix_-_race_day_%28cropped%29.jpg/960px-Lewis_Hamilton_2020_Tuscan_Grand_Prix_-_race_day_%28cropped%29.jpg,"Representing the peak of the ultra-high-downforce turbo-hybrid era, the W11 was famously described by Lewis Hamilton as ""the best F1 car the team has ever produced"", and propelled him to his record-equalling seventh World Championship"
Red Bull,RB19,United Kingdom,2023,https://en.wikipedia.org/wiki/Red_Bull_Racing_RB19,https://upload.wikimedia.org/wikipedia/commons/thumb/7/79/FIA_F1_Austria_2023_Nr._1_%281%29.jpg/960px-FIA_F1_Austria_2023_Nr._1_%281%29.jpg,"Statistically the most dominant F1 car ever built, winning 21 out of 22 Grand Prix races in a single season."
Holden,48,Australia,1948,https://en.wikipedia.org/wiki/Holden_48-215,https://upload.wikimedia.org/wikipedia/commons/thumb/1/1c/1949_Holden_48-215_sedan_01.jpg/960px-1949_Holden_48-215_sedan_01.jpg,"Australia’s first mass-produced car, establishing the domestic automotive manufacturing industry."
Goggomobil,Dart,Australia,1957,https://en.wikipedia.org/wiki/Goggomobil#Dart,https://upload.wikimedia.org/wikipedia/commons/thumb/c/cb/Goggomobile_Dart.JPG/960px-Goggomobile_Dart.JPG,"Unique Australian-designed fibreglass micro-sports car built on an imported German chassis, made famous in a 1990s Yellow Pages TV advert."
Holden,Monaro (HK),Australia,1968,https://en.wikipedia.org/wiki/Holden_Monaro,https://upload.wikimedia.org/wikipedia/commons/thumb/a/ac/Holden_Monaro_HK_GTS_%28cropped%29.jpg/960px-Holden_Monaro_HK_GTS_%28cropped%29.jpg,"The Holden Monaro GTS 327 was Holden's first sports coupe, won the brand's first Bathurst 500 victory, and ignited the legendary ""Ford vs. Holden"" racetrack war."
Bolwell,Nagari,Australia,1970,https://en.wikipedia.org/wiki/Bolwell_Nagari,https://upload.wikimedia.org/wikipedia/commons/thumb/f/fc/Bolwell_Nagari_%2814792341560%29.jpg/960px-Bolwell_Nagari_%2814792341560%29.jpg,"Celebrated as Australia’s greatest premier home-grown V8 sports car, pairing a lightweight fibreglass body with Ford V8 power. Unlike the mainstream heavy-iron muscle cars from Ford and Holden, the Nagari was a sleek, lightweight fiberglass boutique sports car designed to take on European marques like Lotus and TVR."
Ford,XY Falcon GT,Australia,1971,https://en.wikipedia.org/wiki/Ford_XY_Falcon_GT,https://upload.wikimedia.org/wikipedia/commons/d/d4/GT-HO-Phase3-b.jpg,"Peak of early Australian muscle, famously claiming the title of the world’s fastest production four-door sedan upon release."
Chrysler,Valiant Charger,Australia,1972,https://en.wikipedia.org/wiki/Chrysler_Valiant_Charger,https://upload.wikimedia.org/wikipedia/commons/thumb/8/8e/1972_Chrysler_Valiant_VH_Charger_RT_E38_%2821759962393%29.jpg/960px-1972_Chrysler_Valiant_VH_Charger_RT_E38_%2821759962393%29.jpg,"Iconic short-wheelbase muscle car featuring a potent 265 cu in ""Hemi"" straight-six with triple Weber carburettors."
Holden,Commodore (3rd gen),Australia,1997,https://en.wikipedia.org/wiki/Holden_Commodore#Third_generation_(1997%E2%80%932007),https://upload.wikimedia.org/wikipedia/commons/thumb/3/3a/1999_Holden_Commodore_%28VT%29_Executive_sedan_%282016-01-04%29_01.jpg/960px-1999_Holden_Commodore_%28VT%29_Executive_sedan_%282016-01-04%29_01.jpg,"The best-selling generation of this ubiquitous car of Australian automotive history, family life and motorsport, which lasted for 40 years across four generations."
GAZ,21 Volga,USSR,1956,https://en.wikipedia.org/wiki/GAZ-21,https://upload.wikimedia.org/wikipedia/commons/thumb/c/cb/2018-08-26._%D0%90%D0%B2%D1%82%D0%BE-%D0%BC%D0%BE%D1%82%D0%BE_%D1%8D%D0%BA%D0%B7%D0%BE%D1%82%D0%B8%D0%BA%D0%B0_20.jpg/960px-2018-08-26._%D0%90%D0%B2%D1%82%D0%BE-%D0%BC%D0%BE%D1%82%D0%BE_%D1%8D%D0%BA%D0%B7%D0%BE%D1%82%D0%B8%D0%BA%D0%B0_20.jpg,"Rugged executive saloon built to withstand harsh climate conditions, serving as the primary Soviet official and taxi vehicle."
Tatra,603,Czechoslovakia,1956,https://en.wikipedia.org/wiki/Tatra_603,https://upload.wikimedia.org/wikipedia/commons/thumb/0/01/Tatra_603.jpg/960px-Tatra_603.jpg,Distinctive aerodynamic rear-engined V8 luxury car reserved exclusively for high-ranking party officials and foreign dignitaries.
Trabant,601,East Germany,1964,https://en.wikipedia.org/wiki/Trabant_601,https://upload.wikimedia.org/wikipedia/commons/thumb/3/38/1988_VEB_Sachenring_Trabant_P601S_Beige_%281_bearb_Sp%29_%28cropped%29.jpg/960px-1988_VEB_Sachenring_Trabant_P601S_Beige_%281_bearb_Sp%29_%28cropped%29.jpg,"Duroplast-bodied ""people's car"" that became an enduring cultural icon of East German motoring."
Škoda,1000 MB,Czechoslovakia,1964,https://en.wikipedia.org/wiki/%C5%A0koda_1000_MB,https://upload.wikimedia.org/wikipedia/commons/thumb/1/1d/13-04-05-Skoda_Museum_Mlad%C3%A1_Boleslav_by_RalfR-121.jpg/960px-13-04-05-Skoda_Museum_Mlad%C3%A1_Boleslav_by_RalfR-121.jpg,Skoda's economic alternative to the western rear-engined family cars like the Renault 8 or VW Beetle. 
Polski Fiat,125p,Poland,1967,https://en.wikipedia.org/wiki/Polski_Fiat_125p,https://upload.wikimedia.org/wikipedia/commons/thumb/d/dd/Fiat120_TrojaPalace_G09._Polski_Fiat_125p_%281300%29_cutted.jpg/960px-Fiat120_TrojaPalace_G09._Polski_Fiat_125p_%281300%29_cutted.jpg,License-built modification of the Fiat 124/125 that formed the backbone of Polish post-war passenger transport.
Dacia,1300,Romania,1969,https://en.wikipedia.org/wiki/Dacia_1300,https://upload.wikimedia.org/wikipedia/commons/thumb/a/af/Dacia_1300_%28cropped%29.JPG/960px-Dacia_1300_%28cropped%29.JPG,License-built variant of the Renault 12 that served as Romania’s primary national family car for over three decades.
Lada,Niva,USSR,1977,https://en.wikipedia.org/wiki/Lada_Niva,https://upload.wikimedia.org/wikipedia/commons/thumb/2/22/1987_Lada_Niva_1600.jpg/960px-1987_Lada_Niva_1600.jpg,"The Lada Niva has been in continuous production since 1977 and pioneered the modern compact crossover layout by offering permanent four-wheel drive to rural, urban and family users."
FSO,Polonez,Poland,1978,https://en.wikipedia.org/wiki/FSO_Polonez,https://upload.wikimedia.org/wikipedia/commons/thumb/d/dd/FSO_Polonezw.jpg/960px-FSO_Polonezw.jpg,Hatchback family car engineered with over one million units produced and remaining a Polish staple for decades.
Zastava,Yugo,Yugoslavia,1980,https://en.wikipedia.org/wiki/Yugo,https://upload.wikimedia.org/wikipedia/commons/thumb/4/4d/1988_Yugo_GV_in_Blue%2C_front_left.jpg/960px-1988_Yugo_GV_in_Blue%2C_front_left.jpg,The Yugo was derived from the Fiat 127 and became Yugoslavia's most famous international automotive export.
Škoda,Favorit,Czechoslovakia,1987,https://en.wikipedia.org/wiki/%C5%A0koda_Favorit,https://upload.wikimedia.org/wikipedia/commons/thumb/e/e4/Favorit_1994_corp.jpg/960px-Favorit_1994_corp.jpg,Bertone-styled front-wheel-drive hatchback that modernized the brand and paved the way for its Volkswagen acquisition.
Dacia,Sandero,Romania,2008,https://en.wikipedia.org/wiki/Dacia_Sandero,https://upload.wikimedia.org/wikipedia/commons/thumb/a/a2/Dacia_Sandero_1.4_MPI_2008.jpg/960px-Dacia_Sandero_1.4_MPI_2008.jpg,"The compact / supermini car launched by Renault's Romanian division, Dacia, and immortalised in a long-running joke on the TV series, Top Gear"
Rimac,Nevera,Croatia,2021,https://en.wikipedia.org/wiki/Rimac_Nevera,https://upload.wikimedia.org/wikipedia/commons/thumb/2/22/Rimac_Nevera.jpg/960px-Rimac_Nevera.jpg,All-electric hypercar that set global acceleration records and redefined electric vehicle performance limits.
Volvo,PV444,Sweden,1947,https://en.wikipedia.org/wiki/Volvo_PV444/544,https://upload.wikimedia.org/wikipedia/commons/thumb/b/b0/Volvo_PV_444_LS_1957_Rubinr%C3%B6d_%28cropped%29.JPG/960px-Volvo_PV_444_LS_1957_Rubinr%C3%B6d_%28cropped%29.JPG,Unibody compact saloon featuring a safety cage design that established Volvo's global export footprint.
Volvo,Amazon (120 Series),Sweden,1956,https://en.wikipedia.org/wiki/Volvo_Amazon,https://upload.wikimedia.org/wikipedia/commons/thumb/f/f5/Volvo_122_-_Flickr_-_mick_-_Lumix_%28cropped%29.jpg/960px-Volvo_122_-_Flickr_-_mick_-_Lumix_%28cropped%29.jpg,Iconic family car that became the first vehicle in the world to feature three-point seatbelts as standard equipment.
Saab,96,Sweden,1960,https://en.wikipedia.org/wiki/Saab_96,https://upload.wikimedia.org/wikipedia/commons/thumb/a/a8/1972_Saab_96_V4_1.5.jpg/960px-1972_Saab_96_V4_1.5.jpg,"Aerodynamic, rally-winning compact car that established Saab’s international reputation for durability and engineering."
Volvo,P1800,Sweden,1961,https://en.wikipedia.org/wiki/Volvo_P1800,https://upload.wikimedia.org/wikipedia/commons/thumb/c/c1/Volvo_P1800_mfd_1965_1780cc_Essex.JPG/960px-Volvo_P1800_mfd_1965_1780cc_Essex.JPG,Sleek sports coupe famous for its TV appearance in The Saint and for setting the highest certified vehicle mileage record.
Volvo,240,Sweden,1974,https://en.wikipedia.org/wiki/Volvo_200_Series,https://upload.wikimedia.org/wikipedia/commons/thumb/d/df/1988-1991_Volvo_240_GL_station_wagon_%282011-06-15%29_01.jpg/960px-1988-1991_Volvo_240_GL_station_wagon_%282011-06-15%29_01.jpg,Defining boxy Swedish estate and saloon that served as the international benchmark for passenger crash safety for decades.
Saab,99 Turbo,Sweden,1978,https://en.wikipedia.org/wiki/Saab_99,https://upload.wikimedia.org/wikipedia/commons/thumb/b/bc/1969-SAAB99.jpg/960px-1969-SAAB99.jpg,Massively influential sports saloon that democratised forced-induction turbocharging technology for everyday family cars.
Saab,900 Turbo,Sweden,1979,https://en.wikipedia.org/wiki/Saab_900,https://upload.wikimedia.org/wikipedia/commons/thumb/0/07/1993_Saab_900_SE_Turbo_2.0_Front.jpg/960px-1993_Saab_900_SE_Turbo_2.0_Front.jpg,"Iconic executive car featuring aircraft-inspired ergonomics, a wrapped windscreen, and distinctive turbo performance."
Volvo,850 T-5R / R,Sweden,1995,https://en.wikipedia.org/wiki/Volvo_850,https://upload.wikimedia.org/wikipedia/commons/4/4f/Volvo-850.jpg,Shattered performance estate stereotypes with a high-output turbocharged five-cylinder engine and BTCC racing lineage.
Koenigsegg,CC8S,Sweden,2002,https://en.wikipedia.org/wiki/Koenigsegg_CC8S,https://upload.wikimedia.org/wikipedia/commons/thumb/7/7b/2015-03-03_Geneva_Motor_Show_3305_%28cropped%29.JPG/960px-2015-03-03_Geneva_Motor_Show_3305_%28cropped%29.JPG,"Inaugural production hypercar from Christian von Koenigsegg, introducing dihedral synchro-helix doors and record-breaking engineering."
Volvo,XC90 (1st Gen),Sweden,2002,https://en.wikipedia.org/wiki/CarPlay,https://upload.wikimedia.org/wikipedia/commons/thumb/d/dc/Apple_CarPlay_Logo.svg/960px-Apple_CarPlay_Logo.svg.png,Benchmark luxury family SUV that pioneered advanced rollover protection systems and versatile seven-seat packaging.
Th!nk,City,Norway,2008,https://en.wikipedia.org/wiki/Think_City,https://upload.wikimedia.org/wikipedia/commons/thumb/d/de/Think_City_2007.jpg/960px-Think_City_2007.jpg,"Early Scandinavian pioneer of plastic-bodied, purpose-built urban electric vehicles."
Koenigsegg,Agera RS,Sweden,2015,https://en.wikipedia.org/wiki/Koenigsegg_Agera,https://upload.wikimedia.org/wikipedia/commons/thumb/0/0a/2015_Koenigsegg_Agera_N_%2819886243212%29.jpg/960px-2015_Koenigsegg_Agera_N_%2819886243212%29.jpg,Land-speed record holder that cemented Sweden at the pinnacle of hypercar performance with a 277 mph top speed.
Polestar,2,Sweden,2020,https://en.wikipedia.org/wiki/Polestar_2,https://upload.wikimedia.org/wikipedia/commons/thumb/c/ca/Polestar_2_%E2%80%93_f_02042021.jpg/960px-Polestar_2_%E2%80%93_f_02042021.jpg,High-volume all-electric fastback that launched Volvo's standalone performance EV brand into global markets.
Hindustan,Ambassador,India,1957,https://en.wikipedia.org/wiki/Hindustan_Ambassador,https://upload.wikimedia.org/wikipedia/commons/thumb/8/88/The_Classic_Ambassador_on_an_early_sunrise.jpg/960px-The_Classic_Ambassador_on_an_early_sunrise.jpg,"Based on the Morris Oxford III, this iconic ""King of Indian Roads"" served politicians and public transport fleets for over five decades."
Premier,Padmini,India,1964,https://en.wikipedia.org/wiki/Premier_Padmini,https://upload.wikimedia.org/wikipedia/commons/thumb/4/48/Premier_Padmini.jpg/960px-Premier_Padmini.jpg,Licence-built derivative of the Fiat 1100 Delight that became the quintessential Mumbai taxi and a symbol of mid-century urban transport.
Maruti,800,India,1983,https://en.wikipedia.org/wiki/Maruti_800,https://upload.wikimedia.org/wikipedia/commons/1/1f/MHV_Maruti_Suzuki_800_01.jpg,Suzuki-derived compact hatchback that democratised personal car ownership and transformed India's automotive landscape.
Maruti,Gypsy,India,1985,https://en.wikipedia.org/wiki/Maruti_Suzuki_Gypsy,https://upload.wikimedia.org/wikipedia/commons/thumb/c/c5/Maruti_Gypsy_MG_410_1992_%2812127002603%29.jpg/960px-Maruti_Gypsy_MG_410_1992_%2812127002603%29.jpg,"Rugged, lightweight off-roader based on the Suzuki SJ410 that became a mainstay for the Indian Armed Forces and local rally sport."
Tata,Sierra,India,1991,https://en.wikipedia.org/wiki/Tata_Sierra,https://upload.wikimedia.org/wikipedia/commons/thumb/d/d7/Tata_Sierra_Turbo_GJ10DA0696_%28cropped%29.jpg/960px-Tata_Sierra_Turbo_GJ10DA0696_%28cropped%29.jpg,Pioneering sports utility vehicle that launched as India's first indigenously designed passenger SUV with signature rear alpine glass.
Tata,Sumo,India,1994,https://en.wikipedia.org/wiki/Tata_Sumo,https://upload.wikimedia.org/wikipedia/commons/thumb/d/d2/Tata_Sumo_EX_2.0_TDi_4x4_2001_%2815260028476%29.jpg/960px-Tata_Sumo_EX_2.0_TDi_4x4_2001_%2815260028476%29.jpg,"Purpose-built multi-utility vehicle designed completely in-house, establishing market dominance across rural and commercial transport."
Tata,Indica,India,1998,https://en.wikipedia.org/wiki/Tata_Indica,https://upload.wikimedia.org/wikipedia/commons/thumb/2/2f/2000_Tata_Indica_blue.JPG/960px-2000_Tata_Indica_blue.JPG,"India's first fully home-grown passenger car, offering unprecedented interior space and launching Tata as a high-volume passenger brand."
Mahindra,Scorpio,India,2002,https://en.wikipedia.org/wiki/Mahindra_Scorpio,https://upload.wikimedia.org/wikipedia/commons/thumb/5/5b/Mahindra_Scorpio_GLX_2.6_m-Hawk_2011_%2836756517492%29.jpg/960px-Mahindra_Scorpio_GLX_2.6_m-Hawk_2011_%2836756517492%29.jpg,Clean-sheet global SUV platform that successfully transitioned Mahindra from a tractor/utility maker into a modern SUV manufacturer.
Tata,Nano,India,2008,https://en.wikipedia.org/wiki/Tata_Nano,https://upload.wikimedia.org/wikipedia/commons/thumb/3/3c/Tata_-_Nano_-_Kolkata_2011-09-15_5184.JPG/960px-Tata_-_Nano_-_Kolkata_2011-09-15_5184.JPG,"Engineered as the world's most affordable production car to provide safer, weather-protected transport for families upgrading from motorcycles."
Mahindra,Thar,India,2010,https://en.wikipedia.org/wiki/Mahindra_Thar,https://upload.wikimedia.org/wikipedia/commons/thumb/5/51/Mahindra_Thar_SUV_in_%22Red_Rage%22_color_at_Ashiana_Brahmanda%2C_East_Singbhum_India_%28Ank_Kumar%2C_Infosys_limited%29_02_%28cropped%29.jpg/960px-Mahindra_Thar_SUV_in_%22Red_Rage%22_color_at_Ashiana_Brahmanda%2C_East_Singbhum_India_%28Ank_Kumar%2C_Infosys_limited%29_02_%28cropped%29.jpg,Rugged off-roader rooted in early Jeep CJ assembly legacy that evolved into India’s primary mainstream lifestyle 4x4.
DC,Avanti,India,2015,https://en.wikipedia.org/wiki/DC_Avanti,,Developed and built in limited numbers as India's first indigenous mid-engined sports car.
Hongqi,CA72,China,1958,https://en.wikipedia.org/wiki/Hongqi_CA72,https://upload.wikimedia.org/wikipedia/commons/thumb/3/32/Hongqi_CA72_1959.jpg/960px-Hongqi_CA72_1959.jpg,"China’s first official state limousine, built specifically for government ceremonies and high-ranking political leadership."
Shanghai,SH760,China,1964,https://en.wikipedia.org/wiki/Shanghai_SH760,https://upload.wikimedia.org/wikipedia/commons/thumb/0/0c/Shanghai_SH760_front-left_2016_Shanghai_Auto_Museum.jpg/960px-Shanghai_SH760_front-left_2016_Shanghai_Auto_Museum.jpg,Served as the primary government official and taxi fleet passenger car across China for nearly three decades.
Wuling,Sunshine,China,2002,https://en.wikipedia.org/wiki/Wuling_Sunshine,https://upload.wikimedia.org/wikipedia/commons/thumb/c/c1/2013_Wuling_New_Sunshine_%28LZW6390%29%2C_front_8.9.18.jpg/960px-2013_Wuling_New_Sunshine_%28LZW6390%29%2C_front_8.9.18.jpg,"Ubiquitous microvan that mobilised small businesses across China, becoming one of the highest-selling vehicle platforms globally."
Chery,QQ,China,2003,https://en.wikipedia.org/wiki/Chery_QQ,https://upload.wikimedia.org/wikipedia/en/7/70/QQ_%28Chery%29_logo.png,Ultra-affordable supermini that democratised private car ownership for millions of first-time Chinese buyers.
BYD,F3DM,China,2008,https://en.wikipedia.org/wiki/BYD_F3DM,https://upload.wikimedia.org/wikipedia/commons/thumb/4/46/Bilbao_05_2012_BYD_F3DM_2438.JPG/960px-Bilbao_05_2012_BYD_F3DM_2438.JPG,Groundbreaking saloon that debuted as the world's first mass-produced plug-in hybrid electric vehicle (PHEV).
Wuling,Hongguang,China,2010,https://en.wikipedia.org/wiki/Wuling_Hongguang,https://upload.wikimedia.org/wikipedia/commons/thumb/5/5c/Wuling_Hongguang_II_IMG001.jpg/960px-Wuling_Hongguang_II_IMG001.jpg,Compact MPV that dominated domestic sales charts for a decade as China's ultimate multipurpose family and commercial workhorse.
NIO,EP9,China,2016,https://en.wikipedia.org/wiki/Nio_EP9,https://upload.wikimedia.org/wikipedia/commons/thumb/5/52/Nio_EP9.jpg/960px-Nio_EP9.jpg,"Electric supercar that set lap records at the Nürburgring, establishing China's capacity for high-performance EV engineering."
Geely,Boyue,China,2016,https://en.wikipedia.org/wiki/Geely_Boyue,https://upload.wikimedia.org/wikipedia/commons/thumb/6/6d/2023_Geely_Boyue_L_%282%29%2C_front_8.3.23.jpg/960px-2023_Geely_Boyue_L_%282%29%2C_front_8.3.23.jpg,"Landmark SUV that showcased the rapid rise of Chinese domestic brands in design sophistication, safety, and technology integration."
Wuling,Hongguang MINI EV,China,2020,https://en.wikipedia.org/wiki/Wuling_Hongguang_Mini_EV,https://upload.wikimedia.org/wikipedia/commons/thumb/1/1a/2022_Wuling_Hongguang_Mini_EV_GameBoy_Edition_%28front%29.jpg/960px-2022_Wuling_Hongguang_Mini_EV_GameBoy_Edition_%28front%29.jpg,Ultra-compact EV that spearheaded mass urban electrification through extreme affordability and minimalist packaging.
BYD,Atto 3 (Yuan Plus),China,2022,https://en.wikipedia.org/wiki/BYD_Atto_3,https://upload.wikimedia.org/wikipedia/commons/thumb/3/3e/BYD_Atto_3_1X7A6491.jpg/960px-BYD_Atto_3_1X7A6491.jpg,Globally distributed electric crossover that marked the forefront of China's transformation into a major international vehicle exporter.
BYD,Yangwang U8,China,2023,https://en.wikipedia.org/wiki/Yangwang_U8,https://upload.wikimedia.org/wikipedia/commons/thumb/1/1a/2024_Yangwang_U8_%28front%29.jpg/960px-2024_Yangwang_U8_%28front%29.jpg,High-tech luxury off-roader featuring independent quad-motor torque vectoring and emergency water-floating capability.
Xiaomi,SU7,China,2024,https://en.wikipedia.org/wiki/Xiaomi_SU7,https://upload.wikimedia.org/wikipedia/commons/thumb/f/fc/%28CHN-Shanghai%29_Private_Xiaomi_SU7_%E6%B2%AAA7WE106_2024-11-24.jpg/960px-%28CHN-Shanghai%29_Private_Xiaomi_SU7_%E6%B2%AAA7WE106_2024-11-24.jpg,High-profile electric performance saloon that demonstrated the rapid entry of consumer tech giants into mainstream automotive manufacturing.
Anasagasti,12 HP,Argentina,1912,https://en.wikipedia.org/wiki/Horacio_Anasagasti,https://upload.wikimedia.org/wikipedia/commons/2/28/Anasagasti_Horacio.jpg,"Argentina's first indigenous series-produced automobile, designed and built by Horacio Anasagasti."
Willys-Overland,Rural Willys,Brazil,1958,https://en.wikipedia.org/wiki/Willys,https://upload.wikimedia.org/wikipedia/commons/thumb/7/7e/PostcardToledoWillysOverlandFactoryAerial1915.jpg/960px-PostcardToledoWillysOverlandFactoryAerial1915.jpg,Rugged utility estate designed and manufactured specifically to meet the demands of rural South America.
Siam Di Tella,1500,Argentina,1959,https://en.wikipedia.org/wiki/Siam_Di_Tella,https://upload.wikimedia.org/wikipedia/commons/0/08/SIAM2014.png,Licence-built derivative of the BMC Farina saloon that became the quintessential mid-century Argentine taxi icon.
Brasinca,Uirapuru,Brazil,1964,https://en.wikipedia.org/wiki/Brasinca_Uirapuru,https://upload.wikimedia.org/wikipedia/commons/1/15/Brasinca_Uirapuru.jpg,"Advanced hand-built sports coupe featuring a hand-hammered steel body, serving as one of Brazil's earliest GT cars."
IKA,Torino,Argentina,1966,https://en.wikipedia.org/wiki/IKA-Renault_Torino,https://upload.wikimedia.org/wikipedia/commons/thumb/1/1a/IKA_Torino_380_coup%C3%A9.jpg/960px-IKA_Torino_380_coup%C3%A9.jpg,Celebrated Argentine performance icon that adapted American underpinnings with Pininfarina styling and local engine engineering.
Puma,GT / GTE,Brazil,1966,https://en.wikipedia.org/wiki/Puma_(car_manufacturer),,Iconic fibreglass-bodied sports car export that became Brazil's most famous independent automotive manufacturer.
Volkswagen,SP2,Brazil,1972,https://en.wikipedia.org/wiki/Volkswagen_SP2,https://upload.wikimedia.org/wikipedia/commons/thumb/3/3a/Volkswagen_SP2_June_2017_02.jpg/960px-Volkswagen_SP2_June_2017_02.jpg,Striking sports coupe designed entirely in Brazil to circumvent strict national restrictions on foreign imports.
Volkswagen,Brasília,Brazil,1973,https://en.wikipedia.org/wiki/Volkswagen_Bras%C3%ADlia,https://upload.wikimedia.org/wikipedia/commons/thumb/b/b0/VW_Brasilia.jpg/960px-VW_Brasilia.jpg,Indigenously designed Brazilian hatchback-estate hybrid that achieved massive commercial success across Latin America.
Fiat,147,Brazil,1976,https://en.wikipedia.org/wiki/Fiat_147,https://upload.wikimedia.org/wikipedia/commons/thumb/8/88/Fiat_147_late.jpg/960px-Fiat_147_late.jpg,Adapted Fiat 127 derivative that pioneered the world’s first mass-produced ethanol-fuelled production engine in 1979.
VAM,Lerma,Mexico,1981,https://en.wikipedia.org/wiki/VAM_Lerma,https://upload.wikimedia.org/wikipedia/commons/thumb/9/97/1982_VAM_Lerma_620_two-door_liftback_with_4.6_L_at_2021_All_AMC_Day_Cecil_Dragway_32of32.jpg/960px-1982_VAM_Lerma_620_two-door_liftback_with_4.6_L_at_2021_All_AMC_Day_Cecil_Dragway_32of32.jpg,Unique Mexican hatchback-saloon hybrid developed locally by Vehículos Automotores Mexicanos using AMC components.
Gurgel,BR-800,Brazil,1988,https://en.wikipedia.org/wiki/Gurgel,https://upload.wikimedia.org/wikipedia/commons/thumb/3/34/Gurgel_Motores.svg/960px-Gurgel_Motores.svg.png,"Microcar engineered as the first fully indigenous, 100% Brazilian-designed and manufactured city vehicle."
Mastretta,MXT,Mexico,2011,https://en.wikipedia.org/wiki/Mastretta_MXT,https://upload.wikimedia.org/wikipedia/commons/thumb/7/7f/Mastretta_of_Mexico%2C_The_MXT_-_Flickr_-_Moto%40Club4AG.jpg/960px-Mastretta_of_Mexico%2C_The_MXT_-_Flickr_-_Moto%40Club4AG.jpg,"Mexico's first internally designed and built lightweight sports car, constructed with an aluminium spaceframe."
VUHL,5,Mexico,2013,https://en.wikipedia.org/wiki/VUHL_05,https://upload.wikimedia.org/wikipedia/commons/thumb/4/4d/2013_Goodwood_Festival_Of_Speed_-_VUHL_05_-_9272275066.jpg/960px-2013_Goodwood_Festival_Of_Speed_-_VUHL_05_-_9272275066.jpg,Ultra-lightweight track-focused supercar engineered in Mexico for high-performance international exports.
Protea,Car,South Africa,1957,https://en.wikipedia.org/wiki/Protea_(car),https://upload.wikimedia.org/wikipedia/commons/thumb/7/79/Protea_car-001.jpg/960px-Protea_car-001.jpg,"Recognized as South Africa’s first commercially built production car, featuring a fibreglass body on a tubular frame."
GSM,Dart,South Africa,1957,https://en.wikipedia.org/wiki/Glass_Sport_Motors,https://upload.wikimedia.org/wikipedia/commons/1/11/Gsmdart.jpg,Lightweight fibreglass sports car developed by Glass Sport Motors that achieved notable racing success in Europe and Africa.
Ramses,Ramses,Egypt,1960,https://en.wikipedia.org/wiki/Ramesses_II,https://upload.wikimedia.org/wikipedia/commons/thumb/c/cf/Ramses_II_British_Museum.jpg/960px-Ramses_II_British_Museum.jpg,"Egypt’s first state-backed national automobile project, based on NSU Prinz underpinnings."
Basil Green,Capri Perana,South Africa,1970,https://en.wikipedia.org/wiki/Basil_Green_Motors,,V8-powered homologation special created in South Africa that dominated local saloon car racing with factory approval from Ford.
Volkswagen,Citi Golf,South Africa,1984,https://en.wikipedia.org/wiki/Volkswagen_Citi_Golf,https://upload.wikimedia.org/wikipedia/commons/thumb/f/f1/2006_Volkswagen_Citi_Golf_1.4_Front.jpg/960px-2006_Volkswagen_Citi_Golf_1.4_Front.jpg,Unique South African continuation of the Mk1 Golf platform that remained a dominant sales success for 25 years.
BMW,333i (E30),South Africa,1985,https://en.wikipedia.org/wiki/BMW_3_Series_(E30),https://upload.wikimedia.org/wikipedia/commons/thumb/a/a7/BMW_E30_in_silver_%28facelift%29%2C_front_left_2024-08-18.jpg/960px-BMW_E30_in_silver_%28facelift%29%2C_front_left_2024-08-18.jpg,"Rare, South Africa-exclusive E30 developed with Alpina, cramming a 3.2-litre 6-cylinder engine into a compact chassis."
BMW,"325is ""Gusheshe""",South Africa,1990,,,"Bespoke South African Group N homologation special featuring aluminium body panels, evolving into a major national cultural icon."
Laraki,Fulgura,Morocco,2002,https://en.wikipedia.org/wiki/Laraki,,"Morocco's first supercar, featuring a quad-turbocharged V12 engine and carbon-fibre construction."
Wallyscar,Izis,Tunisia,2008,https://en.wikipedia.org/wiki/Wallyscar,https://upload.wikimedia.org/wikipedia/commons/thumb/e/ee/LOGO_WALLYSCAR.jpg/960px-LOGO_WALLYSCAR.jpg,Minimalist fibreglass utility vehicle that established Tunisia's modern indigenous motor manufacturing presence.
Kiira,EV,Uganda,2011,https://en.wikipedia.org/wiki/Kiira_Motors_Corporation,,"Developed at Makerere University, serving as Africa’s first locally engineered electric vehicle prototype."
Mobius,Mobius II,Kenya,2014,https://en.wikipedia.org/wiki/M%C3%B6bius_strip,https://upload.wikimedia.org/wikipedia/commons/thumb/7/79/M%C3%B6bius_Strip.jpg/960px-M%C3%B6bius_Strip.jpg,"Stripped-back, durable SUV purpose-built in Kenya to handle rough terrain and heavy loads at a low cost point."
Innoson,IVM Fox,Nigeria,2014,https://en.wikipedia.org/wiki/Innoson_Vehicle_Manufacturing,https://upload.wikimedia.org/wikipedia/commons/thumb/4/48/Innoson_factory_entrance.jpg/960px-Innoson_factory_entrance.jpg,Launched as part of Nigeria's first fully indigenous vehicle manufacturing and mass-assembly enterprise.
Chevrolet,Suburban,United States,1935,https://en.wikipedia.org/wiki/Chevrolet_Suburban,https://upload.wikimedia.org/wikipedia/commons/thumb/5/5b/2015_Chevrolet_Suburban_1500_LTZ%2C_front_4.18.19.jpg/330px-2015_Chevrolet_Suburban_1500_LTZ%2C_front_4.18.19.jpg,"The longest continuous vehicle nameplate in history, evolving across 12 generations from a truck-based station wagon into a full-size SUV."
Volkswagen,Beetle (Type 1),Germany,1938,https://en.wikipedia.org/wiki/Volkswagen_Beetle,https://upload.wikimedia.org/wikipedia/commons/thumb/9/96/VW_K%C3%A4fer_Baujahr_1966.jpg/330px-VW_K%C3%A4fer_Baujahr_1966.jpg,The original air-engined design achieved 65 years of unbroken continuous production across global factories before the final classic car rolled off the line in Mexico.
Ford,F-Series,United States,1948,https://en.wikipedia.org/wiki/Ford_F-Series,https://upload.wikimedia.org/wikipedia/commons/thumb/f/f0/2018_Ford_F-150_XLT_Crew_Cab%2C_front_11.10.19.jpg/330px-2018_Ford_F-150_XLT_Crew_Cab%2C_front_11.10.19.jpg,"Continuous production through 14 generations, establishing itself as one of the world's most commercially successful pickup truck lines."
Volkswagen,Transporter,Germany,1950,https://en.wikipedia.org/wiki/Volkswagen_Transporter,https://upload.wikimedia.org/wikipedia/commons/thumb/2/2e/2017_Volkswagen_Transporter_BlueMotion.jpg/330px-2017_Volkswagen_Transporter_BlueMotion.jpg,"Unbroken manufacturing run spanning seven generations, evolving from the original air-cooled T1 split-screen to modern passenger and commercial variants."
Toyota,Land Cruiser,Japan,1951,https://en.wikipedia.org/wiki/Toyota_Land_Cruiser,https://upload.wikimedia.org/wikipedia/commons/thumb/6/6d/2021_Toyota_Land_Cruiser_300_3.4_ZX_%28Colombia%29_front_view_04.png/330px-2021_Toyota_Land_Cruiser_300_3.4_ZX_%28Colombia%29_front_view_04.png,"Originating as the BJ light 4x4, it is Toyota's longest continuously produced vehicle line, famous for heavy-duty off-road durability."
Chevrolet,Corvette,United States,1953,https://en.wikipedia.org/wiki/Chevrolet_Corvette,https://upload.wikimedia.org/wikipedia/commons/thumb/a/a2/2021_Chevrolet_Corvette_C8.jpg/330px-2021_Chevrolet_Corvette_C8.jpg,"America's longest unbroken sports car production run, spanning eight generations and transitioning from a front- to mid-engine layout."
Mercedes-Benz,SL-Class,Germany,1954,https://en.wikipedia.org/wiki/Mercedes-Benz_SL-Class,https://upload.wikimedia.org/wikipedia/commons/thumb/2/23/Mercedes-AMG_SL_43_IMG_8050.jpg/330px-Mercedes-AMG_SL_43_IMG_8050.jpg,"Continuous production of luxury grand tourers and roadsters across seven generations, tracing directly back to the 300 SL."
Nissan,Skyline,Japan,1957,https://en.wikipedia.org/wiki/Nissan_Skyline,https://upload.wikimedia.org/wikipedia/commons/thumb/a/ae/The_frontview_of_Nissan_DAA-HV37_SKYLINE_HYBRID_GT_Type_SP_%28cropped%29.jpg/330px-The_frontview_of_Nissan_DAA-HV37_SKYLINE_HYBRID_GT_Type_SP_%28cropped%29.jpg,"Continuous production run starting under Prince Motor Company, evolving through 13 generations from compact saloon to modern sports sedan."
Mini,Mini (Original),United Kingdom,1959,Not found,Not found,Achieved a 41-year unbroken production run for the original single-generation Alec Issigonis design before manufacturing ceased in 2000.
Porsche,911,Germany,1963,https://en.wikipedia.org/wiki/Porsche_911,https://upload.wikimedia.org/wikipedia/commons/thumb/a/a2/Porsche_911_No_1000000%2C_70_Years_Porsche_Sports_Car%2C_Berlin_%281X7A3888%29.jpg/330px-Porsche_911_No_1000000%2C_70_Years_Porsche_Sports_Car%2C_Berlin_%281X7A3888%29.jpg,"Unbroken 60-plus year production run of the iconic rear-engined sports car, evolving through eight distinct mechanical generations."
Ford,Mustang,United States,1964,https://en.wikipedia.org/wiki/Ford_Mustang,https://upload.wikimedia.org/wikipedia/commons/thumb/9/9c/Ford_Mustang_VII_GT_Rutesheimer_Autoschau_2025_DSC_9234.jpg/330px-Ford_Mustang_VII_GT_Rutesheimer_Autoschau_2025_DSC_9234.jpg,"Continuous production across seven generations, pioneering the pony car segment and remaining in uninterrupted manufacture."
Toyota,Corolla,Japan,1966,https://en.wikipedia.org/wiki/Toyota_Corolla,https://upload.wikimedia.org/wikipedia/commons/thumb/f/fe/Toyota_Corolla_Hybrid_%28E210%29_IMG_4338.jpg/330px-Toyota_Corolla_Hybrid_%28E210%29_IMG_4338.jpg,"The world's top-selling nameplate, maintaining unbroken global production through 12 generations since its 1966 introduction."
Honda,Civic,Japan,1972,https://en.wikipedia.org/wiki/Honda_Civic,https://upload.wikimedia.org/wikipedia/commons/thumb/1/1a/Honda_Civic_e-HEV_Sport_%28XI%29_%E2%80%93_f_30062024.jpg/330px-Honda_Civic_e-HEV_Sport_%28XI%29_%E2%80%93_f_30062024.jpg,"Continuous global production across 11 generations, transforming from a basic subcompact into a premier global family hatchback and saloon."
Volkswagen,Golf,Germany,1974,https://en.wikipedia.org/wiki/Volkswagen_Golf,https://upload.wikimedia.org/wikipedia/commons/thumb/8/8a/2020_Volkswagen_Golf_Style_1.5_Front.jpg/330px-2020_Volkswagen_Golf_Style_1.5_Front.jpg,"Uninterrupted production run spanning eight generations, defining the modern European front-wheel-drive hatchback segment."
BMW,3 Series,Germany,1975,https://en.wikipedia.org/wiki/BMW_3_Series,https://upload.wikimedia.org/wikipedia/commons/thumb/9/91/BMW_G20_%282022%29_IMG_7316_%282%29.jpg/330px-BMW_G20_%282022%29_IMG_7316_%282%29.jpg,Continuous production through seven generations as the global benchmark for executive sports saloons.
Fiat / Ghia,500 / 600 Jolly,Italy,1958,Not found,Not found,"Pioneered the Mediterranean ""Spiaggina"" style beach car, complete with wicker seats, doorless sides, and a cloth awning canopy."
Austin / BMC / Leyland,Mini Moke,United Kingdom,1964,Not found,Not found,"Originally engineered as a lightweight military vehicle, it evolved into a classic open-air resort cruiser."
Meyers,Manx,United States,1964,https://en.wikipedia.org/wiki/Meyers_Manx,https://upload.wikimedia.org/wikipedia/commons/thumb/7/75/1stMeyersManxWithBruceMeyers.jpg/330px-1stMeyersManxWithBruceMeyers.jpg,"The original glass-fibre dune buggy built on a shortened VW Beetle floorpan, sparking a global kit-car phenomenon."
Savio,Fiat 600 Jungla,Italy,1965,Not found,Not found,"Minimalist, doorless utility beach vehicle built by Carrozzeria Savio using standard Fiat 600 running gear."
Trabant,601 Tramp,East Germany,1966,Not found,Not found,Open-top civilian leisure adaptation derived from East Germany's military Kübelwagen version of the 601.
Volkswagen,Country Buggy,Australia,1967,https://en.wikipedia.org/wiki/Volkswagen_Country_Buggy,https://upload.wikimedia.org/wikipedia/commons/thumb/9/90/Volkswagen_Country_Buggy.jpg/330px-Volkswagen_Country_Buggy.jpg,"Australian-designed, Beetle-based open utility and beach vehicle built to handle rugged local conditions."
Citroën,Méhari,France,1968,https://en.wikipedia.org/wiki/Citro%C3%ABn_M%C3%A9hari,https://upload.wikimedia.org/wikipedia/commons/thumb/8/81/Citro%C3%ABn_M%C3%A9hari_Nice_IMG_1269.jpg/330px-Citro%C3%ABn_M%C3%A9hari_Nice_IMG_1269.jpg,Lightweight utility and leisure car with a corrugated ABS plastic body based on the 2CV chassis.
Renault / Sinpar,4 Plein Air,France,1968,Not found,Not found,"Doorless, open-top beach car conversion of the Renault 4 saloon built in limited numbers."
Volkswagen,"Type 181 (Trekker / ""Thing"")",Germany,1969,Not found,Not found,"Utilitarian military and civilian recreation vehicle featuring flat metal panels, detachable doors, and a fold-down windscreen."
Teilhol,Renault Rodeo (4 / 6 / 5),France,1970,Not found,Not found,Glass-fibre open leisure vehicle range designed on various Renault platforms to compete directly with the Méhari.
Moretti,Rock / Midmaxi,Italy,1980,Not found,Not found,Open-top plastic and steel body beach/leisure vehicles built by Italian coachbuilder Moretti using Fiat Panda underpinnings.
Cadillac,Model A / Runabout,United States,1902,Not found,Not found,The company's inaugural single-cylinder vehicle that earned the 1908 Dewar Trophy for standardized interchangeable parts.
Cadillac,Model Thirty,United States,1909,https://en.wikipedia.org/wiki/Cadillac_Model_Thirty,https://upload.wikimedia.org/wikipedia/commons/thumb/3/34/Cadillac_Model_30_Touring_1908_%286031928677%29.jpg/330px-Cadillac_Model_30_Touring_1908_%286031928677%29.jpg,Landmark early vehicle whose derivative introduced the world's first production electric self-starter and lighting in 1912.
Cadillac,Type 51,United States,1915,https://en.wikipedia.org/wiki/Cadillac_Type_51,https://upload.wikimedia.org/wikipedia/commons/thumb/6/6b/1915_Cadillac_51_%2810793180364%29.jpg/330px-1915_Cadillac_51_%2810793180364%29.jpg,"Pioneered the first mass-produced V8 engine in a passenger vehicle, establishing the brand's mechanical reputation."
Cadillac,V-16,United States,1930,https://en.wikipedia.org/wiki/Cadillac_V-16,https://upload.wikimedia.org/wikipedia/commons/thumb/e/eb/1931_Cadillac_V-16_Sport_Phaeton.jpg/330px-1931_Cadillac_V-16_Sport_Phaeton.jpg,Ultra-exclusive pre-war flagship powered by the world's first commercially produced V16 engine.
Cadillac,Sixty Special,United States,1938,https://en.wikipedia.org/wiki/Cadillac_Sixty_Special,https://upload.wikimedia.org/wikipedia/commons/thumb/4/4b/Cadillac_Fleetwood%2C_1975.png/330px-Cadillac_Fleetwood%2C_1975.png,"Designed by Bill Mitchell, it established the modern notchback three-box saloon silhouette with an integrated boot."
Cadillac,Series 62 (6th gen),United States,1959,https://en.wikipedia.org/wiki/Cadillac_Series_62#Sixth_generation_(1959%E2%80%931960),https://upload.wikimedia.org/wikipedia/commons/thumb/c/cd/1959-Cadillac-4d-HT.jpg/960px-1959-Cadillac-4d-HT.jpg,"The 1959, 6th generation Cadillac 62 is remembered for its iconic huge tailfins with dual bullet tail lights."
Cadillac,Eldorado Brougham,United States,1957,https://en.wikipedia.org/wiki/Cadillac_Eldorado,https://upload.wikimedia.org/wikipedia/commons/thumb/d/dc/67_Cadillac_Eldorado_%2814277560774%29_cropped.jpg/330px-67_Cadillac_Eldorado_%2814277560774%29_cropped.jpg,"Hand-built halo car featuring a stainless steel roof, self-levelling air suspension, and memory seats."
Cadillac,Coupe de Ville / DeVille,United States,1959,Not found,Not found,Showcased the absolute peak of 1950s tailfin design before evolving into Cadillac's core luxury saloon line.
Cadillac,Eldorado (Eighth Gen),United States,1967,Not found,Not found,"Radical front-wheel-drive personal luxury coupe featuring sharp, razor-edge styling and hidden headlamps."
Cadillac,Seville,United States,1975,https://en.wikipedia.org/wiki/Cadillac_Seville,https://upload.wikimedia.org/wikipedia/commons/thumb/a/a1/5th_Cadillac_Seville_.jpg/330px-5th_Cadillac_Seville_.jpg,"Introduced as an ""internationally sized"" compact luxury saloon built to counter high-end European imports."
Cadillac,Allanté,United States,1987,https://en.wikipedia.org/wiki/Cadillac_Allant%C3%A9,https://upload.wikimedia.org/wikipedia/commons/thumb/6/6e/1989_Cadillac_Allant%C3%A9_Convertible_4.5L_V8_front%2C_Chelsea_5.18.19.jpg/330px-1989_Cadillac_Allant%C3%A9_Convertible_4.5L_V8_front%2C_Chelsea_5.18.19.jpg,"Pininfarina-styled roadster assembled using an extraordinary 3,300-mile air-freight supply line between Italy and Detroit."
Cadillac,Escalade,United States,1999,https://en.wikipedia.org/wiki/Cadillac_Escalade,https://upload.wikimedia.org/wikipedia/commons/thumb/3/30/2026_Cadillac_Escalade_ESV.jpg/330px-2026_Cadillac_Escalade_ESV.jpg,Full-size luxury SUV that revitalised the brand's commercial status and became a major cultural icon.
Cadillac,CTS-V,United States,2004,https://en.wikipedia.org/wiki/Cadillac_CTS,https://upload.wikimedia.org/wikipedia/commons/thumb/e/e7/2nd_Cadillac_CTS_.jpg/330px-2nd_Cadillac_CTS_.jpg,High-performance sports saloon developed on the Nürburgring to directly challenge established European performance divisions.
Cadillac,Lyriq,United States,2022,https://en.wikipedia.org/wiki/Cadillac_Lyriq,https://upload.wikimedia.org/wikipedia/commons/thumb/3/37/2023_Cadillac_Lyriq_in_Satin_Steel_Metallic%2C_front_left.jpg/330px-2023_Cadillac_Lyriq_in_Satin_Steel_Metallic%2C_front_left.jpg,Purpose-built crossover marking the start of Cadillac's transition to a fully electric model lineup.
Oldsmobile,Curved Dash (Model R),United States,1901,Not found,Not found,"World's first mass-produced assembly-line automobile, establishing Ransom E. Olds as an early automotive pioneer."
Oldsmobile,Limited Touring,United States,1910,Not found,Not found,"Giant pre-war luxury vehicle featuring 42-inch wheels, representing the height of early American Brass Era opulence."
Oldsmobile,Series 60 / Dynamic 70,United States,1939,Not found,Not found,"Introduced GM's ""Hydra-Matic"" transmission for the 1940 model year, creating the world's first fully automatic mass-market gearbox."
Oldsmobile,Ninety-Eight (98),United States,1941,Not found,Not found,"The division's flagship luxury saloon line, showcasing top-tier GM comfort and technological features across ten generations."
Oldsmobile,Jetfire,United States,1962,https://en.wikipedia.org/wiki/Oldsmobile_Cutlass,https://upload.wikimedia.org/wikipedia/commons/thumb/7/7d/1971_Cutlass_Supreme_convertible.JPG/330px-1971_Cutlass_Supreme_convertible.JPG,Groundbreaking compact performance coupe that was among the very first passenger cars equipped with a turbocharged engine.
Oldsmobile,442,United States,1964,https://en.wikipedia.org/wiki/Oldsmobile_442,https://upload.wikimedia.org/wikipedia/commons/thumb/e/e6/1971_Oldsmobile_442_%282616277147%29.jpg/330px-1971_Oldsmobile_442_%282616277147%29.jpg,"Muscle car icon, named for its original setup of a 4-barrel carburettor, 4-speed manual gearbox, and dual exhausts."
Oldsmobile,Toronado,United States,1966,https://en.wikipedia.org/wiki/Oldsmobile_Toronado,https://upload.wikimedia.org/wikipedia/commons/thumb/b/b9/66Toronado.jpg/330px-66Toronado.jpg,Landmark front-wheel-drive personal luxury coupe featuring radical styling and a unitised transaxle layout.
Oldsmobile,Hurst/Olds,United States,1968,https://en.wikipedia.org/wiki/Oldsmobile_Hurst%2FOlds,https://upload.wikimedia.org/wikipedia/commons/thumb/5/5c/1979_Hurst_Olds_W-30_front.jpg/330px-1979_Hurst_Olds_W-30_front.jpg,"Limited-production muscle car collaboration with Hurst Performance, famous for its distinctive paint schemes and ""Lightning Rod"" shifters."
Oldsmobile,Custom Cruiser,United States,1971,https://en.wikipedia.org/wiki/Oldsmobile_Custom_Cruiser,https://upload.wikimedia.org/wikipedia/commons/thumb/6/69/1989_Oldsmobile_Custom_Cruiser_%2827129059086%29.jpg/330px-1989_Oldsmobile_Custom_Cruiser_%2827129059086%29.jpg,"Full-size family estate wagon famous for its 1970s power ""Clamshell"" tailgate that glided into the floor structure."
Oldsmobile,Cutlass / Cutlass Supreme,United States,1961,Not found,Not found,Massively popular mid-size series that became the single best-selling car model in North America during the late 1970s and 1980s.
Oldsmobile,Aerotech,United States,1987,https://en.wikipedia.org/wiki/Oldsmobile_Aerotech,https://upload.wikimedia.org/wikipedia/commons/thumb/b/bc/OldsAerotech.jpg/330px-OldsAerotech.jpg,Experimental quad-cam land-speed research vehicle that set multiple closed-course world records driven by A.J. Foyt.
Oldsmobile,Aurora,United States,1995,https://en.wikipedia.org/wiki/Oldsmobile_Aurora,https://upload.wikimedia.org/wikipedia/commons/thumb/e/e5/1997_Oldsmobile_Aurora.jpg/330px-1997_Oldsmobile_Aurora.jpg,"Sleek, rigid sports saloon powered by a Northstar-derived V8, created in an effort to modernise and revitalise the brand."
Pontiac,GTO,United States,1964,https://en.wikipedia.org/wiki/Pontiac_GTO,https://upload.wikimedia.org/wikipedia/commons/thumb/3/30/2005_Pontiac_GTO%2C_front_left%2C_10-28-2022.jpg/330px-2005_Pontiac_GTO%2C_front_left%2C_10-28-2022.jpg,Credited with popularising the 1960s American muscle car trend by fitting a 389 cu in V8 into a mid-size chassis.
Ford,Shelby GT500,United States,1967,https://en.wikipedia.org/wiki/Shelby_Mustang,https://upload.wikimedia.org/wikipedia/commons/thumb/c/cd/1965_Shelby_Mustang_GT350_%2820984175008%29_%28cropped%29.jpg/330px-1965_Shelby_Mustang_GT350_%2820984175008%29_%28cropped%29.jpg,High-performance derivative of the Mustang fastback equipped with Ford's big-block Cobra Jet V8 engine.
Chevrolet,Chevelle SS,United States,1964,https://en.wikipedia.org/wiki/Chevrolet_Chevelle,https://upload.wikimedia.org/wikipedia/commons/thumb/d/df/1970_Chevrolet_Chevelle_SS_396_Sport_Coupe%2C_front_left%2C_06-08-2024.jpg/330px-1970_Chevrolet_Chevelle_SS_396_Sport_Coupe%2C_front_left%2C_06-08-2024.jpg,Mid-size GM A-body muscle icon that reached its performance pinnacle with the 450 bhp LS6 454 V8 in 1970.
Dodge,Charger (B-body),United States,1966,https://en.wikipedia.org/wiki/Dodge_Charger_(1966),https://upload.wikimedia.org/wikipedia/commons/thumb/9/9d/1969_Dodge_Charger_R-T%2C_front_right_%282022_Ellwood_City_Fall_Fest_%26_Car_Cruise%29.jpg/330px-1969_Dodge_Charger_R-T%2C_front_right_%282022_Ellwood_City_Fall_Fest_%26_Car_Cruise%29.jpg,Coke-bottle styled hardtop coupe famed for its optional 426 Hemi engine and pop culture presence.
Plymouth,Road Runner,United States,1968,https://en.wikipedia.org/wiki/Plymouth_Road_Runner,https://upload.wikimedia.org/wikipedia/commons/thumb/e/ea/Plymouth_Road_Runner_1969_5312706.jpg/330px-Plymouth_Road_Runner_1969_5312706.jpg,"Back-to-basics budget muscle car equipped with a spartan interior, Warner Bros. horn sound, and big V8 power."
Oldsmobile,442,United States,1964,https://en.wikipedia.org/wiki/Oldsmobile_442,https://upload.wikimedia.org/wikipedia/commons/thumb/e/e6/1971_Oldsmobile_442_%282616277147%29.jpg/330px-1971_Oldsmobile_442_%282616277147%29.jpg,"Named for its 4-barrel carburettor, 4-speed manual gearbox, and dual exhausts, offering refined performance."
AMC,AMX,United States,1968,https://en.wikipedia.org/wiki/AMC_AMX,https://upload.wikimedia.org/wikipedia/commons/thumb/0/0b/1968_AMC_AMX_390_Go_Package%2C_front_left_%28Cruisin%27_the_River_Lowellville_Car_Show%2C_June_19th%2C_2023%29.jpg/330px-1968_AMC_AMX_390_Go_Package%2C_front_left_%28Cruisin%27_the_River_Lowellville_Car_Show%2C_June_19th%2C_2023%29.jpg,"Unique steel-bodied two-seater muscle car developed by American Motors as a lighter, shorter Corvette competitor."
Plymouth,Superbird,United States,1970,https://en.wikipedia.org/wiki/Plymouth_Superbird,https://upload.wikimedia.org/wikipedia/commons/thumb/7/7f/Superbird_Yellow.jpg/330px-Superbird_Yellow.jpg,Radical aerodynamic NASCAR homologation special fitted with a protruding nose cone and high-mounted rear wing.
Buick,GSX / Gran Sport,United States,1970,Not found,Not found,High-luxury Gran Sport derivative powered by a massive 455 cu in V8 delivering a legendary 510 lb·ft of torque.
Dodge,Challenger,United States,1970,https://en.wikipedia.org/wiki/Dodge_Challenger,https://upload.wikimedia.org/wikipedia/commons/thumb/d/d3/Dodge_Challenger_SRT8_%282015%29_Hirschaid-20220709-RM-120221_%28cropped%29.jpg/330px-Dodge_Challenger_SRT8_%282015%29_Hirschaid-20220709-RM-120221_%28cropped%29.jpg,"Chrysler’s E-body entry into the muscle car wars, offering a wide array of powertrains up to the 426 Hemi."
Buick,Regal Grand National / GNX,United States,1982,Not found,Not found,1980s turbo V6 legend in all-black trim whose limited-run GNX variant out-accelerated contemporary sports cars.
Dodge,Challenger SRT Demon,United States,2018,https://en.wikipedia.org/wiki/Dodge_Challenger_(2008),https://upload.wikimedia.org/wikipedia/commons/thumb/9/99/2017_Dodge_Challenger_R_T_Scat_Pack%2C_front_right%2C_07-21-2024.jpg/330px-2017_Dodge_Challenger_R_T_Scat_Pack%2C_front_right%2C_07-21-2024.jpg,"Drag-strip-optimised factory muscle car producing up to 840 bhp, complete with transbrake and drag radial tyres."
IKA,Torino,Argentina,1966,https://en.wikipedia.org/wiki/IKA-Renault_Torino,https://upload.wikimedia.org/wikipedia/commons/thumb/1/1a/IKA_Torino_380_coup%C3%A9.jpg/330px-IKA_Torino_380_coup%C3%A9.jpg,"Argentine automotive icon blending American Rambler underpinnings, a high-compression straight-six engine, and Pininfarina styling."
Ford,Capri 3000GT / RS3100,United Kingdom,1969,Not found,Not found,"Marketed as Europe’s answer to the Mustang, offering fastback pony car styling paired with Essex V6 powertrains."
Opel,Diplomat B V8,West Germany,1969,Not found,Not found,"Executive German saloon equipped with an imported 5.4-litre Chevrolet V8, combining American muscle torque with European chassis dynamics."
Basil Green,Capri Perana,South Africa,1970,Not found,Not found,South African homologation special that shoehorned a 5.0-litre Ford Windsor V8 into a Mk1 Capri bodyshell with factory endorsement.
Mitsubishi,Galant GTO,Japan,1970,https://en.wikipedia.org/wiki/Mitsubishi_Galant_GTO,https://upload.wikimedia.org/wikipedia/commons/thumb/f/fd/Mitsubishi_Colt_Galant_GTO_MR.jpg/330px-Mitsubishi_Colt_Galant_GTO_MR.jpg,"Japanese fastback coupe heavily influenced by American muscle styling, featuring a rear ducktail spoiler and dual-overhead-cam engine options."
Ford,Falcon GT-HO Phase III,Australia,1971,Not found,Not found,"Legendary four-door Australian muscle saloon built for Bathurst homologation, powered by a 351 cu in Cleveland V8."
Chevrolet,Opala SS,Brazil,1971,Not found,Not found,"Brazil’s quintessential muscle car, featuring bold rally stripes and a high-torque 4.1-litre inline-six engine based on an Opel platform."
Chrysler,Valiant Charger R/T E49,Australia,1972,https://en.wikipedia.org/wiki/Chrysler_Valiant_Charger,https://upload.wikimedia.org/wikipedia/commons/thumb/8/8e/1972_Chrysler_Valiant_VH_Charger_RT_E38_%2821759962393%29.jpg/330px-1972_Chrysler_Valiant_VH_Charger_RT_E38_%2821759962393%29.jpg,"Short-wheelbase Australian muscle coupe powered by a triple-Weber-carburetted 265 cu in ""Hemi"" straight-six engine."
Chevrolet,"Can-Am ""Little Chev""",South Africa,1973,Not found,Not found,Wild South African homologation special stuffing a 5.0-litre Z28 Camaro V8 into a lightweight Vauxhall Firenza body.
Aston Martin,V8 Vantage,United Kingdom,1977,https://en.wikipedia.org/wiki/Aston_Martin_V8_Vantage,No image found,"Widely dubbed ""Britain’s first supercar"", featuring aggressive muscular styling, a blanked-off grille, and a 375 bhp 5.3-litre V8."
Holden,Torana A9X,Australia,1977,https://en.wikipedia.org/wiki/Holden_Torana,https://upload.wikimedia.org/wikipedia/commons/thumb/0/0b/1977_Holden_Torana_%28LX%29_SLR_5000_A9X_sedan_%282006-11-26%29_01.jpg/330px-1977_Holden_Torana_%28LX%29_SLR_5000_A9X_sedan_%282006-11-26%29_01.jpg,Compact V8 touring car homologation special that achieved legendary motorsport dominance at the Bathurst 1000.
HSV,GTSR W1,Australia,2017,Not found,Not found,"The ultimate swan song for Australian muscle manufacturing, powered by a supercharged 6.2-litre Corvette ZR1 V8 engine."
Chevrolet,Nomad,United States,1955,https://en.wikipedia.org/wiki/Chevrolet_Nomad,https://upload.wikimedia.org/wikipedia/commons/thumb/0/03/1955_Chevrolet_Nomad%2C_front_right_%28Wings-n-Wheels_2023%29.jpg/330px-1955_Chevrolet_Nomad%2C_front_right_%28Wings-n-Wheels_2023%29.jpg,"Iconic two-door sport wagon featuring a distinct grooved roofline and frameless door glass, establishing the American sports estate layout."
Aston Martin,DB5 Shooting Brake,United Kingdom,1965,Not found,Not found,"Bespoke coachbuilt sports estate created by Harold Radford, originally commissioned by company owner David Brown to carry his polo gear and hunting dogs."
Reliant,Scimitar GTE,United Kingdom,1968,Not found,Not found,Fibreglass-bodied pioneer that popularised the practical two-door sports estate concept for the mass market.
Volvo,P1800 ES,Sweden,1971,Not found,Not found,"Sporting estate derivative of the P1800 featuring an all-glass frameless rear hatch, nicknamed ""Schneewittchensarg"" (Snow White's Coffin) in Germany."
Lancia,Beta HPE,Italy,1975,https://en.wikipedia.org/wiki/Lancia_Beta,https://upload.wikimedia.org/wikipedia/commons/thumb/a/a0/1977_Lancia_Beta_Berlina_S2_1.6.jpg/330px-1977_Lancia_Beta_Berlina_S2_1.6.jpg,"""High Performance Estate"" designed in-house, blending a sports coupe front end with a stylish shooting brake tailgate."
BMW,Z3 Coupé,Germany,1998,Not found,Not found,"Unconventional shooting brake-proportioned sports car engineered for high torsional rigidity, affectionately nicknamed the ""Clown Shoe""."
Alfa Romeo,Brera,Italy,2005,https://en.wikipedia.org/wiki/Alfa_Romeo_Brera_and_Spider,https://upload.wikimedia.org/wikipedia/commons/thumb/7/7a/2007_Alfa_Romeo_Brera_V6_coupe_%2823416268426%29.jpg/330px-2007_Alfa_Romeo_Brera_V6_coupe_%2823416268426%29.jpg,Giorgetto Giugiaro-designed sports 2+2 featuring a steep glass tailgate and distinct shooting brake proportions.
Ferrari,FF,Italy,2011,https://en.wikipedia.org/wiki/Ferrari_FF,https://upload.wikimedia.org/wikipedia/commons/thumb/f/fd/2013_Ferrari_FF%2C_Blu_TdF%2C_front_left.jpg/330px-2013_Ferrari_FF%2C_Blu_TdF%2C_front_left.jpg,"Pininfarina-styled, four-seat V12 flagship featuring a four-wheel-drive system and a true two-door shooting brake bodyshell."
Mercedes-Benz,CLS Shooting Brake,Germany,2012,Not found,Not found,Modern four-door luxury interpretation featuring a swept roofline and an optional cherry wood luggage compartment floor.
Aston Martin,Vanquish Zagato Shooting Brake,United Kingdom,2018,Not found,Not found,Ultra-limited coachbuilt V12 grand tourer featuring Zagato’s signature double-bubble roof motif extending into a glass-roofed rear deck.
Genesis,G70 Shooting Brake,South Korea,2021,Not found,Not found,"Tailored specifically for the European market, blending executive saloon chassis tuning with a swept estate silhouette."
Baker,Electric,United States,1899,https://en.wikipedia.org/wiki/Baker_Motor_Vehicle,https://upload.wikimedia.org/wikipedia/commons/thumb/c/ce/Baker-electric_1911.jpg/330px-Baker-electric_1911.jpg,"Early Brass Era EV pioneer, favoured by high-profile buyers including Thomas Edison and the US White House fleet."
Anderson Electric,Detroit Electric,United States,1907,Not found,Not found,"Long-running early 20th-century EV, popular for its quiet, clean operation prior to the dominance of internal combustion engines."
General Motors,EV1,United States,1996,https://en.wikipedia.org/wiki/General_Motors_EV1,https://upload.wikimedia.org/wikipedia/commons/thumb/c/c5/EV1A014_%281%29_cropped.jpg/330px-EV1A014_%281%29_cropped.jpg,"Aerodynamic two-seater coupe that served as the first purpose-built, mass-produced EV from a major modern manufacturer."
Tesla,Roadster (1st Gen),United States,2008,Not found,Not found,Lotus Elise-based sports car that introduced lithium-ion battery cells to series-production automobiles.
Nissan,Leaf,Japan,2010,https://en.wikipedia.org/wiki/Nissan_Leaf,https://upload.wikimedia.org/wikipedia/commons/thumb/7/73/Nissan_Leaf_%28ZE2%29_autoMOBIL_T%C3%BCbingen_2025_DSC_2752.jpg/330px-Nissan_Leaf_%28ZE2%29_autoMOBIL_T%C3%BCbingen_2025_DSC_2752.jpg,"World’s first mass-market, globally distributed high-volume family electric hatchback."
Tesla,Model S,United States,2012,https://en.wikipedia.org/wiki/Tesla_Model_S,https://upload.wikimedia.org/wikipedia/commons/thumb/9/9e/Tesla_Model_S_%28Facelift_ab_04-2016%29_%28cropped%29.jpg/330px-Tesla_Model_S_%28Facelift_ab_04-2016%29_%28cropped%29.jpg,"Executive saloon that redefined long-range usability, over-the-air updates, and electric performance expectations."
BMW,i3,Germany,2013,https://en.wikipedia.org/wiki/BMW_i3,https://upload.wikimedia.org/wikipedia/commons/thumb/1/14/Bmw_i3_2027.png/330px-Bmw_i3_2027.png,Purpose-built urban EV constructed using an advanced carbon-fibre reinforced plastic passenger cell and sustainable interior materials.
Tesla,Model 3,United States,2017,https://en.wikipedia.org/wiki/Tesla_Model_3,https://upload.wikimedia.org/wikipedia/commons/thumb/a/ab/Tesla_Model_3_%282023%29_Autofr%C3%BChling_Ulm_IMG_9282.jpg/330px-Tesla_Model_3_%282023%29_Autofr%C3%BChling_Ulm_IMG_9282.jpg,High-volume electric saloon that became the first electric car to pass one million sales worldwide.
Porsche,Taycan,Germany,2019,https://en.wikipedia.org/wiki/Porsche_Taycan,https://upload.wikimedia.org/wikipedia/commons/thumb/d/dc/2020_Porsche_Taycan_4S_79kWh_Front.jpg/330px-2020_Porsche_Taycan_4S_79kWh_Front.jpg,Performance EV benchmark introducing 800-volt system architecture and sports car chassis tuning.
SAIC-GM-Wuling,Hongguang MINI EV,China,2020,Not found,Not found,"Minimalist, ultra-affordable micro-EV that spearheaded widespread urban electrification across domestic Chinese markets."
Rimac,Nevera,Croatia,2021,https://en.wikipedia.org/wiki/Rimac_Nevera,https://upload.wikimedia.org/wikipedia/commons/thumb/2/22/Rimac_Nevera.jpg/330px-Rimac_Nevera.jpg,"Croatian quad-motor electric hypercar producing nearly 2,000 bhp, setting multiple production vehicle acceleration records."
Ford,Model T Runabout with Pickup Body,United States,1925,Not found,Not found,"The first factory-assembled mass-produced pickup truck, establishing the standardized steel cargo box layout."
Dodge,Power Wagon,United States,1945,https://en.wikipedia.org/wiki/Dodge_Power_Wagon,https://upload.wikimedia.org/wikipedia/commons/thumb/e/ec/54_Dodge_Power_Wagon_1_Ton_Pick-Up_%287154796521%29.jpg/330px-54_Dodge_Power_Wagon_1_Ton_Pick-Up_%287154796521%29.jpg,"Adapted directly from WWII military vehicles, serving as North America's first mass-produced 4x4 civilian pickup."
Ford,F-Series,United States,1948,https://en.wikipedia.org/wiki/Ford_F-Series,https://upload.wikimedia.org/wikipedia/commons/thumb/f/f0/2018_Ford_F-150_XLT_Crew_Cab%2C_front_11.10.19.jpg/330px-2018_Ford_F-150_XLT_Crew_Cab%2C_front_11.10.19.jpg,"America's longest-running pickup line, evolving through 14 generations to become one of the highest-selling vehicles in history."
Chevrolet,Task Force Cameo Carrier,United States,1955,Not found,Not found,"Pioneered smooth, flush-sided glass-fibre rear styling (""Fleetside"") and passenger-car luxury features in light trucks."
Ford,Ranchero,United States,1957,https://en.wikipedia.org/wiki/Ford_Ranchero,https://upload.wikimedia.org/wikipedia/commons/thumb/5/54/Austrian_500_US-CAR_DAYS_2019_45.jpg/330px-Austrian_500_US-CAR_DAYS_2019_45.jpg,Introduced the American coupe utility layout by integrating a open cargo bed into a full-size station wagon chassis.
Chevrolet,El Camino,United States,1959,https://en.wikipedia.org/wiki/Chevrolet_El_Camino,https://upload.wikimedia.org/wikipedia/commons/thumb/8/8e/1969_Chevrolet_El_Camino_SS%2C_front_5.19.19.jpg/330px-1969_Chevrolet_El_Camino_SS%2C_front_5.19.19.jpg,Iconic car-based utility model that evolved into a high-performance muscle car platform during the late 1960s and 1970s.
Chevrolet,"C/K (3rd Gen ""Square Body"")",United States,1973,Not found,Not found,"Longest-running generation of GM's full-size truck platform, defining 1970s and 1980s utility styling and aerodynamics."
Dodge,Lil' Red Express,United States,1978,Not found,Not found,"High-performance muscle truck exploiting an emissions-class loophole, featuring twin vertical exhaust stacks and a police-spec V8."
Dodge / Ram,Ram Pickup (2nd Gen),United States,1994,Not found,Not found,"Revolutionised modern pickup design with semi-truck ""big rig"" front styling and high-torque Cummins turbodiesel engines."
Ford,F-150 SVT Raptor,United States,2010,https://en.wikipedia.org/wiki/Ford_F-Series,https://upload.wikimedia.org/wikipedia/commons/thumb/f/f0/2018_Ford_F-150_XLT_Crew_Cab%2C_front_11.10.19.jpg/330px-2018_Ford_F-150_XLT_Crew_Cab%2C_front_11.10.19.jpg,Factory-built high-speed desert off-roader featuring long-travel Fox racing suspension and a widened track.
Rivian,R1T,United States,2021,https://en.wikipedia.org/wiki/Rivian_R1T,https://upload.wikimedia.org/wikipedia/commons/thumb/e/e1/2022_Rivian_R1T_%28in_Glacier_White%29%2C_front_6.21.22.jpg/330px-2022_Rivian_R1T_%28in_Glacier_White%29%2C_front_6.21.22.jpg,"Launched as the first mass-produced fully electric consumer pickup truck, featuring quad-motor torque vectoring."
Ford Bronco,,United States,,https://en.wikipedia.org/wiki/Ford_Bronco,https://upload.wikimedia.org/wikipedia/commons/thumb/2/2b/Ford_Bronco_%286th_generation%29_Outer_Banks_1X7A0384.jpg/330px-Ford_Bronco_%286th_generation%29_Outer_Banks_1X7A0384.jpg,
Bedford,CA,United Kingdom,1952,https://en.wikipedia.org/wiki/Bedford_CA,https://upload.wikimedia.org/wikipedia/commons/thumb/9/9c/Bedford_CA_%28WOY_707G%29_-_10_August_2025.jpg/330px-Bedford_CA_%28WOY_707G%29_-_10_August_2025.jpg,Distinctive pug-nosed forward-control van that dominated post-war British light commercial transport and ice cream van conversions.
Morris,Minor Van,United Kingdom,1953,Not found,Not found,"Commercial panel van derivative of the Morris Minor, ubiquitous across post-war Britain for postal, phone, and small business fleets."
Ford,Thames 400E,United Kingdom,1957,https://en.wikipedia.org/wiki/Ford_Thames_400E,https://upload.wikimedia.org/wikipedia/commons/thumb/9/90/Ford_Thames_400E_minibus_1964.jpg/330px-Ford_Thames_400E_minibus_1964.jpg,"British-designed forward-control commercial van, widely used for light haulage and early campervan conversions prior to the Transit."
Austin / Morris,Mini Van,United Kingdom,1960,Not found,Not found,"Ultra-compact panel van built on the longer Mini estate chassis, exempt from purchase tax in Britain at launch."
Commer,FC / Spacevan,United Kingdom,1960,Not found,Not found,Forward-control van famed for its long-serving fleet role with Post Office Telecommunications and distinctive narrow front track.
Reliant,Regal Supervan,United Kingdom,1962,Not found,Not found,"Three-wheeled fibreglass light commercial van, famously embedded in British pop culture via Only Fools and Horses."
Ford,Transit (Mk1),United Kingdom,1965,Not found,Not found,"Revolutionised European light commercial transport, engineered primarily in the UK to become Britain's defining workhorse."
Bedford,CF,United Kingdom,1969,https://en.wikipedia.org/wiki/Bedford_CF,https://upload.wikimedia.org/wikipedia/commons/thumb/6/69/Bedford_CF_based_Dormobile_Debonaire_ca_1980_Schaffen-Diest_2012.jpg/330px-Bedford_CF_based_Dormobile_Debonaire_ca_1980_Schaffen-Diest_2012.jpg,"General Motors UK's direct challenger to the Ford Transit, featuring a semi-forward control design and broad range of chassis conversions."
Leyland / Freight Rover,Sherpa,United Kingdom,1974,Not found,Not found,Long-lived British Leyland commercial platform engineered with a narrow body width to negotiate tight city streets and country lanes.
Austin Rover,Maestro Van,United Kingdom,1984,Not found,Not found,Car-derived high-roof panel van that served as a staple utility vehicle for British Gas and Royal Mail throughout the 1980s and 1990s.
Bedford,Rascal,United Kingdom,1986,https://en.wikipedia.org/wiki/Suzuki_Carry,https://upload.wikimedia.org/wikipedia/commons/thumb/2/21/Suzuki_Carry_Truck_KC_4WD_DA16T.JPG/330px-Suzuki_Carry_Truck_KC_4WD_DA16T.JPG,"Luton-assembled Suzuki-derived microvan that provided nimble, ultra-compact urban delivery capabilities across Britain."
LDV,Convoy,United Kingdom,1996,https://en.wikipedia.org/wiki/LDV_Convoy,https://upload.wikimedia.org/wikipedia/commons/thumb/e/ef/LDV_Van.jpg/330px-LDV_Van.jpg,"Final evolution of the original Sherpa lineage, produced in Birmingham as a ubiquitous British minibus, police transport, and Royal Mail van."
Microcars and Bubble Cars,,,,Not found,Not found,
Bond,Minicar,United Kingdom,1949,https://en.wikipedia.org/wiki/Bond_Minicar,https://upload.wikimedia.org/wikipedia/commons/thumb/e/e5/1964_Bond_Minicar_Mark_G_Tourer.jpg/330px-1964_Bond_Minicar_Mark_G_Tourer.jpg,Simple three-wheeled aluminium/fibreglass microcar powered by a single-cylinder Villiers motorcycle engine driving the front wheel.
Fuldamobil,Fuldamobil,West Germany,1950,Not found,Not found,"Early German three- and four-wheeled microcar with aluminium or fibreglass bodywork; widely licensed globally and credited with helping coin the term ""bubble car""."
Iso / BMW,Isetta,Italy / West Germany,1953,Not found,Not found,"Iconic egg-shaped bubble car featuring a front-opening refrigerator door, originally designed by Iso in Italy and built under licence by BMW."
Messerschmitt,KR200,West Germany,1955,https://en.wikipedia.org/wiki/Messerschmitt_KR200,https://upload.wikimedia.org/wikipedia/commons/thumb/a/ab/Messerschmitt_Kabinenroller.jpg/330px-Messerschmitt_Kabinenroller.jpg,Aircraft-inspired tandem two-seater Kabinenroller (cabin scooter) with a transparent acrylic bubble canopy and handlebar steering.
Glas,Goggomobil,West Germany,1955,Not found,Not found,"Highly successful series of conventional-looking German microcars including saloons, coupés, and light commercial vans."
Heinkel,Kabine,West Germany,1956,https://en.wikipedia.org/wiki/Heinkel_Kabine,https://upload.wikimedia.org/wikipedia/commons/thumb/4/4e/Paris_-_Bonhams_2013_-_Heinkel_kabine_micro_car_-_1957_-_006.jpg/330px-Paris_-_Bonhams_2013_-_Heinkel_kabine_micro_car_-_1957_-_006.jpg,"Lightweight steel-monocoque bubble car designed by aircraft manufacturer Heinkel, later built under licence in the UK as the Trojan 200."
Vespa,400,France,1957,https://en.wikipedia.org/wiki/Vespa_400,https://upload.wikimedia.org/wikipedia/commons/thumb/3/30/180512-Vespa400-01.jpg/330px-180512-Vespa400-01.jpg,"Tiny rear-engined, two-seater microcar designed by Piaggio and manufactured in France by ACMA to avoid competing directly with Fiat in Italy."
Subaru,360,Japan,1958,https://en.wikipedia.org/wiki/Subaru_360,https://upload.wikimedia.org/wikipedia/commons/thumb/3/3c/1958_Subaru_360_01.jpg/330px-1958_Subaru_360_01.jpg,"Nicknamed the ""Ladybug"", Japan's landmark Kei microcar featured an air-cooled two-stroke engine and fibreglass roof panel."
Peel,P50,United Kingdom,1962,https://en.wikipedia.org/wiki/Peel_P50,https://upload.wikimedia.org/wikipedia/commons/thumb/5/51/1964_Peel_P50_Blue.jpg/330px-1964_Peel_P50_Blue.jpg,Isle of Man-built single-seater holding the Guinness World Record as the smallest production car ever made; fitted with a rear handle for maneuvering instead of a reverse gear.
Peel,Trident,United Kingdom,1964,https://en.wikipedia.org/wiki/Peel_Trident,https://upload.wikimedia.org/wikipedia/commons/thumb/e/e0/1964_Peel_Trident_Red.jpg/330px-1964_Peel_Trident_Red.jpg,"Futuristic two-seater microcar featuring a clear acrylic bubble-top canopy, dubbed the ""terrestrial flying saucer""."
Bond,Bug,United Kingdom,1970,https://en.wikipedia.org/wiki/Bond_Bug,https://upload.wikimedia.org/wikipedia/commons/thumb/8/89/1973_Bond_Bug_1.jpg/330px-1973_Bond_Bug_1.jpg,"Wedge-shaped, three-wheeled micro-coupé featuring a lift-up canopy, vibrant orange paintwork, and Reliant four-cylinder mechanicals."
Sinclair,C5,United Kingdom,1985,https://en.wikipedia.org/wiki/Sinclair_C5,https://upload.wikimedia.org/wikipedia/commons/thumb/7/70/Sinclair_C5_with_high_vis_mast.jpg/330px-Sinclair_C5_with_high_vis_mast.jpg,"Open-top, battery-assisted electric recumbent trike microcar designed by Sir Clive Sinclair as an urban personal commuter."